adservice:rps,adservice:avg,adservice:0.50,adservice:0.90,adservice:0.95,adservice:0.99,cartservice:rps,cartservice:avg,cartservice:0.50,cartservice:0.90,cartservice:0.95,cartservice:0.99,checkoutservice:rps,checkoutservice:avg,checkoutservice:0.50,checkoutservice:0.90,checkoutservice:0.95,checkoutservice:0.99,currencyservice:rps,currencyservice:avg,currencyservice:0.50,currencyservice:0.90,currencyservice:0.95,currencyservice:0.99,emailservice:rps,emailservice:avg,emailservice:0.50,emailservice:0.90,emailservice:0.95,emailservice:0.99,frontend:rps,frontend:avg,frontend:0.50,frontend:0.90,frontend:0.95,frontend:0.99,paymentservice:rps,paymentservice:avg,paymentservice:0.50,paymentservice:0.90,paymentservice:0.95,paymentservice:0.99,productcatalogservice:rps,productcatalogservice:avg,productcatalogservice:0.50,productcatalogservice:0.90,productcatalogservice:0.95,productcatalogservice:0.99,recommendationservice:rps,recommendationservice:avg,recommendationservice:0.50,recommendationservice:0.90,recommendationservice:0.95,recommendationservice:0.99,shippingservice:rps,shippingservice:avg,shippingservice:0.50,shippingservice:0.90,shippingservice:0.95,shippingservice:0.99,get:rps,get:avg,get:0.50,get:0.90,get:0.95,get:0.99,set:rps,set:avg,set:0.50,set:0.90,set:0.95,set:0.99,adservice:MAX_ADS_TO_SERVE,adservice:CPU_LIMIT,adservice:MEMORY_LIMIT,adservice:IPV4_RMEM,adservice:IPV4_WMEM,cartservice:CPU_LIMIT,cartservice:MEMORY_LIMIT,cartservice:IPV4_RMEM,cartservice:IPV4_WMEM,checkoutservice:CPU_LIMIT,checkoutservice:MEMORY_LIMIT,checkoutservice:IPV4_RMEM,checkoutservice:IPV4_WMEM,currencyservice:CPU_LIMIT,currencyservice:MEMORY_LIMIT,currencyservice:IPV4_RMEM,currencyservice:IPV4_WMEM,emailservice:CPU_LIMIT,emailservice:MEMORY_LIMIT,emailservice:MAX_WORKERS,emailservice:IPV4_RMEM,emailservice:IPV4_WMEM,frontend:CPU_LIMIT,frontend:MEMORY_LIMIT,frontend:IPV4_RMEM,frontend:IPV4_WMEM,paymentservice:CPU_LIMIT,paymentservice:MEMORY_LIMIT,paymentservice:IPV4_RMEM,paymentservice:IPV4_WMEM,productcatalogservice:CPU_LIMIT,productcatalogservice:MEMORY_LIMIT,productcatalogservice:IPV4_RMEM,productcatalogservice:IPV4_WMEM,recommendationservice:CPU_LIMIT,recommendationservice:MEMORY_LIMIT,recommendationservice:MAX_WORKERS,recommendationservice:MAX_RESPONSE,recommendationservice:IPV4_RMEM,recommendationservice:IPV4_WMEM,shippingservice:CPU_LIMIT,shippingservice:MEMORY_LIMIT,shippingservice:IPV4_RMEM,shippingservice:IPV4_WMEM,get:CPU_LIMIT,get:MEMORY_LIMIT,get:IPV4_RMEM,get:IPV4_WMEM,get:hash_max_ziplist_entries,get:maxmemory_samples,get:maxmemory,set:CPU_LIMIT,set:MEMORY_LIMIT,set:IPV4_RMEM,set:IPV4_WMEM,set:hash_max_ziplist_entries,set:maxmemory_samples,set:maxmemory
0.692113703,1.197947115,-0.71062202,-0.912952998,-0.678629248,-0.083579466,-2.407717414,0.474147395,2.083847954,2.763184893,2.3715808,0.284045107,-2.068050909,-1.045139462,-0.985647168,-1.077760058,-1.159084185,-1.050741304,0.365253793,-0.440756806,-0.364524619,-1.108744162,-1.31391055,-0.332767682,-2.070103923,-0.992402289,-1.338212588,-1.458339514,-1.331781723,-0.357334819,0.087688158,-0.560520871,-0.483170414,-0.590896809,-0.817328636,-1.07902256,-2.101512152,-0.705420106,0.641356846,-1.160694001,-1.198271545,-0.165217382,0.323180312,4.894377499,0,0,-0.572522997,0.375313961,0.253861825,0.082892665,-0.216575906,0.203409905,-0.151736458,-0.505374306,-2.276363372,-0.491727705,0.509588205,-0.762554297,-0.701675195,-0.079888525,0.668149913,0.333240129,2.123889083,1.95245942,1.273246917,-0.139991002,-2.427151642,0.019634728,-1.333233899,-1.314766248,-0.521966566,1.865867369,0.444759064,-1.528802818,0.009144473,-0.734408493,1.076238311,-1.461801216,0.602666117,1.553985468,0.240138829,2.233195668,-1.489144289,1.537523386,0.188562427,0.145301727,-1.928637157,1.468354773,-0.050946457,-0.507345279,-1.856059395,1.156681166,1.380730896,1.45724927,0.326951606,-2.079437155,-1.188359059,0.752503455,1.201349908,0.659706822,-1.710733766,0.338596572,-1.842614011,-0.06393973,0.347865557,1.227208804,3.001140134,-1.220208325,-0.945702189,-0.00247928,-0.944908217,0.339065825,1.546709747,-0.469214373,-0.256347916,-0.543880592,-1.223322074,-1.067344207,0.590470806,1.706754908,0.655623375,-0.014922756,-1.299836129,-1.223322074,-1.067344207,0.590470806,1.706754908,0.655623375,-0.014922756,-1.299836129
-0.553241976,-0.51278679,-0.71062202,-0.912952998,-0.09323335,0.111614772,0.202716627,-0.139107414,1.145057627,0.405875828,-0.398301673,-0.240719545,0.466623212,0.3029956,0.10745072,0.305424767,0.337995776,0.285227882,-0.031833563,-0.556174555,0.620904113,0.23613424,0.040415277,-0.310845174,0.507026882,0.867050381,-0.107498031,-0.219737799,0.022827988,-0.011734922,0.202660584,-0.486600334,-0.384383965,-0.589557756,-0.585222952,-0.100146357,0.403863224,-0.50469582,-0.322630678,-0.155307212,-0.144060367,-0.383247727,-0.057053955,-0.351056173,0,0,-0.572522997,-0.450069662,0.067155984,-0.596159215,-0.258621535,-0.253951547,-0.417572323,-0.555388127,0.124332652,-0.087091478,0.274054562,0.083488171,0.090273638,-0.113228427,0.325356925,-0.220058443,1.089289197,-0.150348873,-0.507550015,-0.43047725,0.180164768,0.121010489,0.101867437,0.65264197,0.768081165,-0.065135425,-1.343372468,-0.458560829,-1.041684222,-0.361750728,-0.654519109,1.00510037,-1.181215969,1.103773723,1.607172817,-0.517357319,-1.357978789,1.344684927,-1.007197463,0.697994475,0.370663852,-0.333865749,0.288801625,-1.303346446,-1.212766826,-1.66411913,1.188962244,-1.176204353,0.177484829,0.685446309,-0.506973901,-0.897780074,-0.773552974,-0.899167712,-0.153474248,-1.314404676,0.473100218,1.502615957,-1.11477985,0.506906589,0.696391641,0.689912283,0.115311985,-0.00247928,-1.375932959,1.705961827,-0.339339306,-0.106169582,1.643031223,-1.07256898,-0.480226086,-0.250796815,0.966172065,-0.020094729,-0.030296232,-0.014922756,-0.860373046,-0.480226086,-0.250796815,0.966172065,-0.020094729,-0.030296232,-0.014922756,-0.860373046
-0.455877804,-0.613601952,-0.71062202,-0.912952998,-0.678629248,0.451743655,0.663381457,-0.046476923,0.43711738,0.365048662,0.244671241,-0.293782022,0.466623212,0.175507316,0.107791208,0.138695877,0.170483155,-0.172650592,-0.399902998,-0.630720344,0.1238126,-0.339736437,-0.372262915,-0.318686066,0.495972165,0.029268286,-0.188200625,0.821983564,0.723281675,-0.049821139,0.120933197,-0.582006357,-0.51782718,-0.588224191,-0.670577893,-0.510038732,0.412163749,-0.022841187,-0.477431595,0.132996827,0.318522417,0.213286403,-0.05777703,-0.177295505,0,0,-0.572522997,0.375313961,0.108945739,-0.821357156,-0.363555853,-0.496556579,-0.54430796,-0.649621271,-0.345571981,0.338987564,0.776104109,0.394734027,0.316098066,0.169141201,0.668149913,0.108661206,0.331902677,0.754029897,-0.019053409,-0.378113398,0.614717503,-0.184439964,0.580234549,0.028947245,-0.03463847,-0.203382927,-1.343372468,0.224846707,0.1737321,0.859375488,0.173927092,1.553300722,0.882069335,0.303314522,1.072216825,-0.52735933,1.221609369,0.124486051,1.556783528,1.119093711,0.72103353,1.276398263,-0.394200386,1.495496369,-0.076283286,-0.018652291,0.518801352,0.430600989,0.028018052,-0.403750207,-0.118431341,-1.560868371,-0.539682896,-0.182928061,0.74884643,1.725235419,0.861208749,1.354428256,0.540848546,0.25923114,0.440308475,1.56917415,-0.415195102,-0.00247928,1.617755895,-1.411169653,0.974391413,1.175164973,0.262869636,0.514590235,-1.027032567,1.078094038,0.476311919,0.555398327,-1.650397394,1.529189768,-0.109623612,-1.027032567,1.078094038,0.476311919,0.555398327,-1.650397394,1.529189768,-0.109623612
-0.364400769,-0.498705531,-0.71062202,0.116820247,0.053115625,-0.053189944,0.444017252,0.005986209,1.375907707,1.812390083,0.863053515,-0.067945616,0.477298021,1.186901717,0.905846199,1.306355168,1.630544358,1.135776305,0.385871791,-0.093664343,1.255918033,0.947114254,0.929663257,-0.290500584,0.497354005,0.163011042,0.356541884,0.683253526,0.807469713,0.039238724,0.210971844,-0.465132775,-0.513183501,-0.587467288,-0.523837155,0.496986814,0.414930591,0.133290014,0.730015553,0.1432934,-0.007902008,0.018560623,1.08700598,-0.256856137,0,0,-0.572522997,0.375313961,0.067155984,-1.049805845,-0.41312276,-1.74343853,-0.858534122,-0.847930447,0.132697446,-0.019217214,0.088503348,0.225681804,0.133056807,-0.150088354,0.325356925,0.043255579,1.209745005,2.030402393,0.589234649,-0.138509454,0.419168772,0.00723003,0.792011656,1.440735239,0.853735308,-0.069502592,1.33882483,0.663259088,0.528228527,-1.499537555,-0.829997106,1.318357714,-1.009275527,1.395965149,0.401645935,-0.937441775,-0.811455875,-0.824282378,1.586037026,-0.367912968,-0.943222439,-1.123823046,-1.18514842,1.22588307,1.574834308,1.391747857,1.334719464,1.581735088,0.476418383,1.523289783,-0.558765727,0.41280913,-0.604646807,1.354880601,0.988694943,0.809888754,0.537784973,0.846356142,1.233120488,-0.964587205,0.344277288,-0.143870522,-1.122537885,1.216086839,1.479691916,-1.451072404,1.156492701,1.666343219,-0.687357362,0.068602536,1.230296755,0.22952518,1.250695054,1.025456962,0.484996607,-1.55903528,1.501741027,1.230296755,0.22952518,1.250695054,1.025456962,0.484996607,-1.55903528,1.501741027
0.744192213,0.626996256,1.412297901,-0.864776472,-0.758455962,-1.119160875,0.641445037,-0.398624493,0.126752272,-0.324967223,-0.113339549,-0.291718775,0.769076137,-0.392880633,-0.3312441,-0.504235544,-0.555150835,-0.647905502,-0.094451185,1.991775565,-1.708342138,-1.788359802,-1.419015949,3.22003634,1.054235353,-0.407992873,-0.176095236,-0.092637824,-0.342716241,-0.192827071,0.115392357,-0.624340917,-0.612802722,-0.586549436,-0.563199328,-0.586145376,0.673630313,0.080147069,-0.093243866,0.452190585,0.377964686,0.184016125,-0.108082406,-0.771012265,0,0,-0.572522997,-2.890965451,-1.100261044,-0.685626103,-0.292939561,-0.510727501,-0.543064816,-0.572904179,0.53765191,-0.818349957,-1.614735978,-1.120642627,-1.020666562,-0.252831703,0.668149913,-0.316160962,-0.354530421,-0.510478446,-0.226917753,-0.293936155,0.592989866,-0.238778544,0.712283804,0.340519002,0.59310797,-0.388692704,-1.343372468,-1.915637272,-1.029023636,1.351208636,-0.263335693,0.717947804,0.00087457,0.025855243,0.820871372,0.762900072,-0.570985792,1.271716559,-1.32980442,-1.289067548,-0.154890664,1.330836119,0.909122847,-0.892507134,-1.062665226,-1.66411913,0.947431804,1.631767682,2.937637979,-0.445642381,1.293763811,1.522381367,1.383248858,-1.446880386,-1.093741984,-0.21610561,-0.134936479,1.290919242,0.168916176,0.395016225,0.717731905,-1.659839259,0.29214768,-0.00247928,0.96400552,-0.787922307,-0.534447828,-1.195303954,-0.062205293,0.17293758,1.048027928,0.357611045,1.289499226,0.37845558,-0.726453445,1.143161637,-1.556189594,1.048027928,0.357611045,1.289499226,0.37845558,-0.726453445,1.143161637,-1.556189594
0.506442493,-0.361492005,-0.17989204,0.116820247,0.053115625,0.646548284,-0.170202522,-0.327201012,0.539717416,0.223073112,-0.282159116,-0.315258508,-0.125235649,0.15535527,0.057636603,0.094509901,0.007928954,0.325325067,0.236200403,-0.596947925,1.068301171,0.464322829,0.049550396,-0.321138684,-0.100982531,-0.269357721,0.041801768,0.03529287,-0.136795295,-0.134055638,0.158333866,-0.420068312,-0.366056666,-0.584498144,-0.733892497,-0.682052759,-0.092784904,3.811113311,1.230303969,1.016295682,0.593887458,0.93649358,1.796446062,-0.28917085,0,0,-0.572522997,-2.890965451,2.009705565,0.099219078,-0.052152196,0.219653591,-0.079324371,-0.360013113,0.68083751,-0.035228277,1.522930626,0.19358224,-0.111548666,-0.178885488,0.668149913,-0.148272787,1.401154234,0.324517562,0.226072543,-0.382005967,-0.210932693,-0.450461185,-0.040147799,-0.584550086,-0.921336862,-0.358819908,-1.343372468,0.572997715,-1.674713557,1.195547408,-1.524102309,0.091433116,-0.536439311,-0.407029514,1.364107461,-0.64738346,0.871834703,0.922241252,0.40266341,1.658627108,0.436358167,1.63766747,-0.031216569,1.22588307,-1.148437569,0.2164144,-1.463778927,-1.062527555,0.217342636,-0.843618031,1.540812655,1.006470456,-2.046845623,-0.309323294,1.5900011,-0.309313777,0.072054737,-0.741369216,0.321600173,0.161904627,0.056183726,0.538315409,0.115311985,1.216086839,0.133680681,-1.283499112,-1.457961502,-0.362436494,0.941098359,-0.763227745,-1.99445942,-0.923247608,-0.734602805,-1.249856985,-0.841626514,1.529189768,-1.098415549,-1.99445942,-0.923247608,-0.734602805,-1.249856985,-0.841626514,1.529189768,-1.098415549
-0.421460702,-0.452884628,0.350837941,1.146593492,0.89315874,0.788366054,-1.618006275,0.034823903,-0.332382888,0.318336499,0.228880193,0.466733201,-1.526007824,-1.032584245,-0.991174353,-1.060105527,-1.114174002,-0.973430154,1.357208556,-0.504318543,0.019545302,-0.06586013,-0.425748354,-0.322946947,-1.596132949,-0.633556428,-0.684521577,-0.554517471,-0.761698568,-0.18869656,0.102925468,-0.546111602,-0.354404538,-0.584410226,-0.631343287,-0.904375201,-1.54261008,-1.318030169,-0.093243866,-1.593517794,-1.887700253,-0.919396289,0.600428008,-0.351927976,0,0,-0.572522997,-1.066083046,-0.797622334,1.05924807,0.27710063,0.666864829,0.384696438,1.086925607,1.086776067,-0.844611433,-0.133582968,-0.934513829,-1.042114171,-0.427894136,-0.017436062,-0.078250028,0.249398699,0.43474905,-0.018683873,0.219070585,-1.601501445,0.113833485,-1.044220435,-1.245175917,-0.484689213,1.898952663,1.33882483,0.89535976,0.338319726,-0.831361516,-0.048986264,-1.266015376,-2.191366066,-1.378460925,1.124975172,2.633276103,-1.030065041,1.244185447,-0.685036948,0.421648101,-2.081923891,-1.597280078,0.248370321,1.0589796,1.338960366,1.626814549,0.240626757,1.034955622,-0.051697563,-0.78077977,0.667514621,1.105402542,-1.60509103,0.933563159,-1.141804422,-0.531509404,1.016452161,-0.635520859,0.463428932,-0.454774822,-0.413302078,1.622233056,0.822654767,1.216086839,1.68900525,0.730488774,0.83131183,-0.020747279,-1.648122868,0.065549429,-2.106624852,-0.73111881,-0.252917812,-0.584388032,-0.242726558,-0.786979018,0.750991593,-2.106624852,-0.73111881,-0.252917812,-0.584388032,-0.242726558,-0.786979018,0.750991593
0.495121077,0.155593975,-0.71062202,-0.912952998,-1.410374122,0.367588055,0.312398729,1.135244624,-0.901813086,-1.527345649,-0.847502754,0.016207995,0.573371303,0.420072619,0.415895426,0.340636041,0.316376309,0.119882788,1.353008594,-0.51464249,0.10774319,0.222700177,0.24422677,-0.307358645,0.558154946,-0.251112826,1.115146268,0.115664913,-0.109615573,-0.107421121,0.241446463,-0.389121709,-0.341026567,-0.58421794,-0.566318785,-0.119325426,0.587858213,0.284770753,0.306423954,0.530701953,0.446297893,0.255211226,1.618517911,0.081287117,0,0,-0.572522997,-1.546300565,1.196827427,-0.513208206,-0.326598971,-0.127536841,-0.366597536,-0.529414433,1.177804713,-0.130894584,0.495855264,0.093364083,0.02003359,-0.120850314,-1.388608014,1.730312975,-1.463383888,-1.345474454,-0.020008045,2.355596835,0.397441136,-0.351462081,0.64999642,-0.197600287,-0.626678232,-0.454253766,-0.449306702,1.307983178,-1.142968916,-0.949382347,-0.95430093,-1.226858208,1.526845993,0.752225502,-0.633785969,-0.807415634,-0.461681209,-0.935492891,-1.21722012,0.171620429,-1.359286431,-0.67823678,-0.96939049,0.981947228,-1.448640768,-1.66411913,-1.282148622,-0.841549701,0.605956256,1.397613262,0.854711797,-0.715578733,-0.643625153,1.64980281,-0.470297297,-0.034852558,0.317856806,0.08424797,-1.67085528,-1.166847412,-0.327941023,1.273560246,-0.592030798,1.216086839,-1.412661303,0.206956389,0.88334077,-1.173948379,0.434032146,0.177590652,1.650917126,1.5424053,1.286022227,-1.25768792,-1.583852955,1.143161637,-1.647744403,1.650917126,1.5424053,1.286022227,-1.25768792,-1.583852955,1.143161637,-1.647744403
0.947524831,-0.599116001,0.325862412,0.116820247,0.053115625,-0.523713253,0.444017252,-0.609336769,-0.619662988,-0.919351909,-0.774695173,-0.299545276,0.471367572,-0.491434054,-0.421471881,-0.511082083,-0.520719818,-0.210772307,0.425580527,-0.560716501,0.455542725,0.109202664,-0.251116594,-0.316627534,0.498735844,-0.717789803,-0.25679783,-1.000613461,-0.987428463,-0.273824866,0.166645125,-0.622357963,-0.599012588,-0.58398907,-0.590872064,-0.925187715,0.496552429,-0.41712365,-0.608308733,-0.069625016,-0.107226483,-0.28345761,-1.207776511,0.463180041,0,0,-0.572522997,0.375313961,0.082658635,-0.381836069,-0.354656947,0.168046835,-0.115539667,-0.474155423,0.132697446,-0.717761128,-0.452402403,-0.896987329,-0.951248669,-0.30394036,1.010942901,-0.613549692,-1.022812644,-1.200251228,-0.704882566,-0.26189417,0.375713499,-0.207964941,0.438219313,0.341621423,0.120230085,-0.305883197,-1.343372468,1.062988023,1.376487835,0.717492988,1.641578072,-1.331277322,-0.063603096,1.425340239,1.443168658,0.482843767,1.024861119,0.214041341,1.233010036,0.64535707,-0.81183381,0.126133914,-0.948089637,-1.033733148,0.759997054,-1.66411913,-0.901267843,0.504971411,-0.071626466,-1.11591716,-0.211060255,-0.076548007,0.47375411,0.090928276,-1.371549846,0.542329307,0.861208749,1.544955299,-0.966609835,-0.212198619,-0.946808674,-0.15903021,-0.768866494,-1.221045399,0.231294889,0.330204634,0.701239482,1.580920915,-1.065436923,-0.874853665,0.487200767,-0.522979279,1.718996034,0.482846095,-0.93632437,1.529189768,1.208765639,0.487200767,-0.522979279,1.718996034,0.482846095,-0.93632437,1.529189768,1.208765639
-0.627963316,-0.693653265,-0.71062202,-1.942726243,-1.410374122,-1.245394275,0.641445037,-0.105374633,0.829562517,0.793182185,0.856062058,-0.367646258,0.476111931,-0.375605688,-0.357504479,-0.319726642,-0.342646167,-0.479464761,0.163273782,-0.576585104,0.220291709,0.19140235,0.05619872,-0.312718401,0.504263203,1.077240849,0.324260847,0.585644068,0.965826145,-0.057981198,0.228979573,-0.51001913,-0.348795755,-0.583679549,-0.789644822,-0.835821911,0.463350325,-0.343363341,-0.435213163,-0.088747223,-0.060993607,-0.233115921,-0.048428701,0.026253305,0,0,-0.572522997,0.375313961,-0.05079897,-0.401112341,-0.245372392,-0.028039483,-0.258227211,-0.477543016,0.145982708,0.169257058,0.956348968,0.518206339,0.492985672,-0.04562669,1.010942901,0.077485517,1.493558689,1.612904389,0.323537825,-0.358211339,0.57126223,-0.262220615,0.301187067,0.447453847,-0.078931505,-0.354622421,1.33882483,-1.438541446,-0.155443154,-1.20959703,1.720050442,-0.260981396,-0.364498869,-1.51820865,0.896988369,0.272801539,0.019258956,0.309940472,-0.051296582,0.790109933,0.983810788,1.355758019,1.029828774,-1.380378817,0.459793855,-0.253718982,-1.109806711,-0.937433396,0.0180536,1.376667175,1.670598827,0.272109771,0.382804635,-0.225059805,-0.568630495,1.509392781,-0.005566969,-0.275636444,0.310417531,-0.868692147,0.493659135,-0.515282863,0.29214768,-0.00247928,1.176577751,0.121350775,0.714246717,-1.344792986,-1.081811851,0.343572616,0.01049768,-0.875215409,1.676732015,0.209365174,0.845872222,-0.014922756,-1.574500556,0.01049768,-0.875215409,1.676732015,0.209365174,0.845872222,-0.014922756,-1.574500556
0.57889955,-0.572241325,-0.17989204,-0.912952998,0.053115625,0.19401713,0.597572196,-0.439443949,-0.042537787,0.441001903,-0.154082865,-0.21461927,0.474925841,-0.367071461,-0.405101536,-0.270661811,-0.029631298,-0.218102825,0.731414154,-0.482629074,1.161204266,0.66734299,0.141819574,-0.31178289,0.487681128,-0.029790948,-0.466624574,0.547015645,0.752073754,-0.050379396,0.192964115,-0.520694585,-0.460044042,-0.583526649,-0.656526561,0.402106672,0.542205321,0.103310524,-0.131240455,0.088225122,0.064749654,0.051930336,1.085663126,-0.26192724,0,0,-0.572522997,-2.890965451,-0.089218583,0.170991368,-0.120933732,0.359827128,0.101028627,0.611812677,0.132697446,-0.198592206,0.578057288,-0.219502124,-0.200024589,-0.134903028,-0.017436062,-0.213741444,0.506811111,0.914120859,-0.165913418,-0.299615064,0.592989866,-0.477046643,-0.638106689,-0.817574341,-0.757410748,-0.359289237,0.444759064,1.230616287,0.135750339,-0.117938553,-1.487990597,-0.691710245,-0.471961646,1.473397163,0.57970162,0.232793496,-1.117508707,-0.680173769,-0.190663244,0.395329398,0.020294174,-1.429352395,1.440820677,0.892076129,1.317517281,1.391747857,-0.154238832,-1.058829354,0.426596124,-1.220647594,-0.338016342,-0.055144985,-1.267278695,0.53331159,0.547031005,0.20676001,0.020306933,1.417937271,-1.218915582,-0.631287837,-0.338611155,0.394298379,0.822654767,1.216086839,0.961460482,0.069589666,0.8573263,-0.298369766,-0.404983716,1.478993653,-0.690536271,-0.811172476,0.561349003,1.270995308,0.734111689,-0.014922756,0.128418892,-0.690536271,-0.811172476,0.561349003,1.270995308,0.734111689,-0.014922756,0.128418892
-0.742988895,-0.545913555,-0.71062202,0.116820247,0.784860499,1.578727395,0.597572196,-0.461167251,-0.88385808,-0.333243,-0.009432041,-0.323080127,0.479670201,0.066601493,0.055426158,0.086201987,0.006818131,-0.253415696,0.433216822,-0.292453382,1.03040846,0.823389417,0.704551416,-0.301811739,0.502881363,-0.150825432,0.162855659,0.246295443,0.624927935,-0.141854909,0.249757723,-0.493647449,-0.334091739,-0.583258573,-0.599397492,-0.515213815,0.445365853,-0.029257399,-0.283226809,0.380114575,0.55057589,-0.137430556,1.103946599,-0.377737272,0,0,-0.572522997,0.375313961,0.006493436,-0.706517544,-0.302189088,-0.348651191,-0.504071419,-0.65327129,0.145982708,0.148936512,1.190170885,0.293762166,0.391433792,-0.068635621,-0.017436062,-0.572420603,-1.083865588,-0.209219095,-0.29223335,-0.414121993,0.592989866,0.03317915,0.114324914,0.424303004,0.863997052,-0.225386037,1.33882483,-0.871184246,1.642360155,-0.498089273,-0.994153968,0.678790636,0.065352236,-0.421149473,-0.650105583,-0.41733721,-0.877038624,0.098861695,-1.129624147,-0.315275563,-1.315490221,0.025424548,-1.693599067,0.802205029,1.038757167,0.451481092,0.287269267,0.898761791,0.057911407,-0.592264989,-1.334731887,0.75341207,1.630111719,0.217323508,-1.107198059,1.416054146,1.029389112,-0.106279073,-0.618058701,1.404056981,0.728402037,-0.189349584,-0.238359407,1.216086839,0.370749806,-0.752465923,-1.054737222,-0.682770132,1.311154141,1.369669938,-0.494246765,-0.282818282,-0.251530664,0.776919446,0.89450085,-1.173007149,0.219973701,-0.494246765,-0.282818282,-0.251530664,0.776919446,0.89450085,-1.173007149,0.219973701
-0.497087756,-0.412551856,-0.71062202,0.116820247,0.053115625,0.336380353,0.882745662,-0.586111887,-0.440112925,-0.781054482,-1.156693891,-0.215560957,0.480856291,0.433478962,0.43454126,0.475555676,0.486487823,-0.042280908,0.030020429,-0.370120269,0.509542448,-0.0834055,-0.31597589,-0.310958478,0.507026882,0.46530731,-0.208376273,1.177115847,1.210213307,0.207758204,0.274691502,-0.585708268,-0.61218965,-0.582470691,-0.599012512,-0.271187623,0.421847696,-0.367787332,-0.53794468,0.074894738,0.006069466,-0.036523862,-0.086751687,-0.57834473,0,0,-0.572522997,-2.890965451,-0.271206226,-0.501176703,-0.266582994,-0.119281822,-0.290173926,-0.475828613,0.127776979,-0.051566354,0.348001171,0.396029017,0.286333261,-0.14685059,-0.017436062,-0.567708083,-0.796751744,-0.857392255,-0.631806701,-0.216008588,0.875449144,-0.217809561,0.510472679,0.093438878,-0.081549297,-0.251054728,-0.449306702,-0.161987747,1.275203141,0.098158275,0.045473218,-0.234876618,1.161472554,-0.075386951,0.976059521,-0.727399547,-1.139369624,-0.439421783,1.455109764,-0.473187777,0.545848691,1.192548632,0.653076725,-0.417474179,0.28824917,1.391747857,-1.554820178,1.021494407,0.117698118,-0.864564118,0.887547761,-1.18101426,1.565147808,0.196257636,-1.436247606,-0.391268239,-0.083188675,-0.423824144,-0.102298855,-1.35314616,0.482989003,0.902147906,0.29214768,-0.00247928,0.783177996,-1.440234128,0.519138194,1.687698795,1.601452265,0.773964216,1.721020521,0.725857908,-0.171662048,1.620417037,-0.390318712,1.529189768,-1.482945747,1.721020521,0.725857908,-0.171662048,1.620417037,-0.390318712,1.529189768,-1.482945747
-0.615283331,-0.583785277,-0.71062202,-0.912952998,-0.432762971,-0.678746569,0.487890093,-0.287950053,0.832127518,-0.03255644,0.081577436,-0.232354239,0.472553662,0.378266514,0.412348038,0.307422966,0.346341385,-0.144267357,-0.267795089,-0.611304226,0.110259829,-0.530798664,-0.592476725,-0.31805161,0.493208486,0.293480172,0.477595775,0.889271786,0.446647384,0.148122661,0.227594363,-0.536635658,-0.481595833,-0.58209424,-0.619859092,-0.334009896,0.423231117,-0.339072029,-0.505577216,-0.006006906,-0.228524275,-0.037661707,-1.195897419,-0.066678828,0,0,1.772438196,0.375313961,-0.09056664,-0.449995129,-0.225486306,-0.072258898,-0.301439442,-0.496989012,0.141554287,1.268606814,-0.317518311,0.786748656,0.569115525,0.05805692,1.010942901,-0.267578773,0.541462782,0.475447596,-0.118551142,-0.270943044,0.419168772,-0.10132216,1.120889045,0.857554488,0.176355538,-0.227380084,-0.449306702,-1.438541446,0.275016793,-0.169214743,-0.008580444,0.939838423,1.591323659,-0.674428357,-1.611383291,-0.637381449,0.084841706,-1.333572461,-0.455494046,1.198049818,-1.008916753,-0.164161949,0.019148374,-0.096505966,-0.483701914,-0.488785674,-1.596285187,0.807017343,-0.041733111,0.559769788,-0.66580431,-0.928772466,0.90251592,1.228485369,1.063514786,1.028284492,0.861208749,0.888695485,0.994707876,-0.234682524,0.813763092,-0.924594422,0.29214768,-1.221045399,1.583184731,-0.747110696,-1.562019381,-0.191591886,0.061661875,-0.306967377,0.683490274,-0.667075878,-0.666468784,-1.566878959,-1.721207503,-0.786979018,-0.365977077,0.683490274,-0.667075878,-0.666468784,-1.566878959,-1.721207503,-0.786979018,-0.365977077
-0.351720784,0.50234265,-0.71062202,0.065331585,-0.678629248,-0.473967943,0.663381457,-0.059207465,0.806477509,0.448174243,0.123948074,-0.181745684,0.479670201,-0.048366695,-0.038707268,-0.095052181,0.172838619,-0.065766001,0.015893282,-0.029095572,0.580802895,0.076140719,0.22759298,-0.296643987,0.495972165,0.044238192,0.247593383,0.949914258,0.566422431,-0.116871409,0.252528142,-0.52063123,-0.398954875,-0.581178208,-0.655606971,-0.606927415,0.486868482,0.143781841,0.243096307,0.262439457,0.20001892,-0.323957467,1.035202805,0.004288732,0,0,-0.572522997,0.375313961,-0.333890859,-0.246212915,-0.184286792,0.013607703,-0.182025262,-0.366624813,0.113015577,0.079198981,0.238450639,0.424929707,0.235396169,-0.08378429,-2.074193989,0.059006814,0.269199654,0.566606333,-0.073406086,0.012876596,0.788538597,-0.10261437,1.003788763,0.536612152,0.450176546,-0.31852981,1.33882483,-0.239354638,1.389148421,-0.783412697,1.3989011,0.509109575,0.731621449,-1.676077872,-0.917268751,-0.137280906,-1.16123054,0.809627427,0.961789332,-0.604781289,0.020294174,0.424511998,-0.12072317,0.815043758,0.931541739,1.391747857,-1.208588105,-0.941093576,0.346880509,-0.299019773,-1.697373826,-0.922677451,-0.604646807,0.975694904,0.069788104,1.57900413,1.249317279,-0.868387245,-0.80017705,-1.517629676,0.461648739,0.235121662,0.822654767,1.216086839,0.518361996,1.309384513,-0.573469533,-1.067170499,0.484421657,-0.234906837,1.636896447,-0.026646551,-1.708789445,0.979100328,1.341542983,1.143161637,0.641125822,1.636896447,-0.026646551,-1.708789445,0.979100328,1.341542983,1.143161637,0.641125822
1.124591766,1.186298346,0.881567921,0.116820247,-0.492366917,-0.67033101,0.531762934,-0.518976701,-0.645312997,-0.635400809,0.001597585,-0.302822054,0.473739751,-0.403764066,-0.383187992,-0.361974692,-0.46743282,-0.504475519,0.80395896,-0.472953565,0.829237455,0.073550893,-0.436793849,-0.313591912,0.498735844,-0.238441616,0.114434103,0.09718142,-0.216722105,-0.150485627,0.245602093,-0.69460721,-0.720372429,-0.580864773,-0.579268585,-0.879062643,0.560189793,-0.068946183,0.371158883,0.239823771,0.188206674,-0.045679796,1.100382871,1.278384617,0,0,-0.572522997,0.375313961,0.014581776,0.209194913,-0.120093241,0.429313917,0.116898797,-0.057879302,0.139094054,-0.632354547,-0.602692039,-0.713329113,-0.818609546,-0.321751272,0.668149913,-0.652237943,-1.073965111,-0.773291938,-0.286351558,-0.447025878,0.484351683,0.041388248,0.323610525,0.119621379,0.969232276,-0.117684638,-0.449306702,1.656134186,-0.737830142,-0.239395341,-0.144531208,0.496057186,1.397890661,-1.701510525,0.072294517,0.222791485,0.303450872,0.069707765,0.156834485,0.632197719,-0.308177398,-1.740761647,0.541529993,-0.212054523,1.167415681,1.626814549,1.6404287,-0.353734444,0.775351937,1.167206307,1.391316153,-0.965457796,1.630111719,-0.562113759,0.799864098,-1.439664821,-1.454505481,-0.614351187,0.452254032,0.878908884,-0.829437223,0.530735566,-0.061523711,1.216086839,-0.960450947,-0.684871535,1.611745921,0.534497695,-1.637330104,0.803143663,1.468648299,-0.106700217,-1.143910443,-0.122366973,0.878291308,0.757133506,0.293217548,1.468648299,-0.106700217,-1.143910443,-0.122366973,0.878291308,0.757133506,0.293217548
0.880954909,-0.608040855,0.350837941,0.116820247,-0.135047342,-0.614227276,0.290462309,0.192261727,0.460202388,0.279900113,0.58677044,-0.285428924,0.484414561,-0.47323138,-0.396408069,-0.509924494,-0.559154206,-0.280006697,0.00367521,2.276726298,-0.216605135,-0.295232573,0.390135123,3.178800129,0.509790561,-0.054445075,-0.688556707,0.256264068,0.387681208,-0.005861343,0.220668314,-0.595948685,-0.440260931,-0.579429657,-0.626178241,-0.837309952,0.489635324,-0.046617035,-0.322630678,0.664005797,0.644311775,0.003157172,-0.095170349,-0.68895102,0,0,-0.572522997,0.375313961,-0.037318403,-0.381587261,-0.303554545,0.010265697,-0.220673631,-0.429261783,-0.33819128,-0.601206318,-1.396591051,-0.669965627,-0.60742164,-0.263987465,0.325356925,0.043629381,1.110740231,0.257087129,0.378845138,-0.299993179,0.267075315,0.382928929,-0.070045744,-0.70926147,-0.134114553,-0.322318139,0.444759064,1.527189368,1.161257861,0.721950535,0.018070328,0.665738247,0.538188451,0.254919722,-1.533822814,0.9729423,-1.09564779,1.064072347,1.279103476,-1.354864304,1.071403207,-1.365252309,1.146096581,0.71233393,1.553391223,0.2164144,0.970986658,1.57989317,0.685671871,0.224632398,1.094941628,1.236786109,0.512732456,0.954629031,0.0451407,1.532203529,-0.484234156,0.909865156,-1.445103055,-0.470740408,-0.327941023,0.439777441,-0.061523711,-0.00247928,1.312776001,-0.421195489,-0.313324836,1.431431884,0.380930394,-1.668485291,1.59483441,0.821922307,-0.886278866,0.818536519,-1.461001682,-0.014922756,-0.585708619,1.59483441,0.821922307,-0.886278866,0.818536519,-1.461001682,-0.014922756,-0.585708619
-0.627963316,0.741919221,-0.71062202,-0.912952998,-0.634724556,-0.473967943,0.663381457,-0.172426097,0.755177491,1.409635609,1.196835292,-0.268624247,0.484414561,-0.390776572,-0.373519017,-0.334784213,-0.333587816,-0.416242635,0.292327173,-0.464834208,0.971626337,0.787336463,0.698629849,-0.307798095,0.509790561,0.103148509,0.227417734,0.17942258,0.328254357,-0.075150581,0.252528142,-0.552800737,-0.391901881,-0.578679782,-0.6959477,-0.780298962,0.482718219,-0.015044252,-0.108723958,0.349592592,0.161533861,-0.03568377,1.056378579,0.039853693,0,0,-0.572522997,0.375313961,-0.248963292,-0.514004539,-0.218092923,-0.191605001,-0.369361851,-0.532952317,0.130237213,-0.247516088,0.012331494,0.014368082,-0.251991719,-0.187649355,-1.731401002,-0.070611794,1.066188083,1.41406721,0.53023197,-0.28228361,0.76681096,-0.137817556,0.119307905,0.663252773,0.749599556,-0.270125735,-0.449306702,-0.136198784,1.085294341,0.804596861,-0.355017867,0.652685858,1.26893533,-0.097568528,1.219798501,0.372821648,0.172285372,-0.133606932,0.196548771,0.197939131,1.640753933,0.106406654,-1.437290436,-1.316185175,-0.590917342,-0.488785674,-0.937423135,0.789193823,0.057911407,1.460451522,-1.265465437,1.601131589,-0.253841689,-1.151958177,-0.767891237,1.323853847,-0.79472098,0.52881107,0.408270631,1.087997805,0.685721509,-0.022593023,-0.061523711,1.216086839,-0.9284003,0.739906902,-0.677527412,-0.511925525,-0.774610101,-1.352844033,-0.438164048,0.853943774,1.526336866,1.216793744,1.315948967,-0.400950887,-1.592811518,-0.438164048,0.853943774,1.526336866,1.216793744,1.315948967,-0.400950887,-1.592811518
0.596108102,-0.528213091,1.412297901,1.146593492,0.784860499,0.014976092,-0.301821045,-0.595061307,-0.665833004,-0.662618919,-0.435308176,-0.367251515,-0.925846333,1.056569492,0.918889881,0.910463964,0.717525686,0.213770732,0.635196833,-0.361056171,-0.204459942,-0.78420082,-0.863322054,-0.320515021,-0.88172189,-0.206324944,0.477595775,0.276201319,-0.252769787,-0.129883556,0.123703617,-0.59654919,-0.728249992,-0.57759225,-0.567318771,-0.12595225,-0.903469593,0.852779233,1.667264737,1.615703314,0.843849819,0.116085683,-1.319078446,2.854832626,0,0,-0.572522997,0.375313961,0.007841493,-0.104750399,-0.289277389,0.340609608,0.000842163,-0.378232096,0.407751572,-0.795122182,-0.241859975,-0.923650192,-0.983947424,-0.388816436,1.010942901,-0.546036612,-1.154819009,-0.070753929,0.090729759,-0.40198063,-0.363026151,-0.325305738,0.323610525,0.151178182,-0.522490124,-0.413260879,1.33882483,0.199057743,-1.117647743,0.838005746,-1.095616188,1.448881608,-0.81584253,0.182673483,0.731228806,-1.387532264,1.352774868,0.627842366,-0.512125161,-0.170522701,0.502052481,1.058880273,-0.825528972,-0.135022152,0.845769396,-0.958919056,-0.038299465,1.067023594,0.257200443,-1.430108463,0.300078877,-0.309792618,1.630111719,0.259455253,0.331994696,0.704128723,-1.338072922,0.063078299,-1.50844537,-0.816517535,-0.92546841,1.031005249,-0.592030798,-1.221045399,1.12142505,-0.162092799,1.572724216,1.495498612,1.422160673,0.856630506,-0.255895221,0.453675444,-1.544067997,1.580611978,1.419178162,-0.786979018,1.336942371,-0.255895221,0.453675444,-1.544067997,1.580611978,1.419178162,-0.786979018,1.336942371
0.044075894,0.334663174,-0.17989204,-0.912952998,-0.678629248,-0.645645367,0.444017252,-0.568054832,-0.157962827,-0.747583562,-0.385885811,-0.453247805,0.474925841,-0.407614515,-0.362060333,-0.343674069,-0.432269697,-0.445147151,0.341581278,-0.610287649,0.249103745,0.024121463,-0.046915001,-0.315935774,0.501499524,-0.350668443,-0.176095236,-0.085576714,-0.30862642,-0.154325131,0.162489496,-0.517048082,-0.358006945,-0.576696095,-0.60714724,-0.709517373,0.474417693,0.93722903,-0.41832579,0.165357485,-0.008156034,0.125209715,-1.207673215,-0.204550459,0,0,-0.572522997,0.375313961,-0.033948262,0.053807,-0.196992123,0.318771654,0.016186574,-0.26326621,0.132697446,-0.202836494,0.081314094,-0.237289559,-0.297871651,-0.090226827,-0.36022905,-0.330479927,0.967183309,-0.243910476,-0.208471718,-0.451006146,0.462624046,-0.567271053,-0.757698467,-1.090699164,-1.011860098,-0.371278188,-1.343372468,-0.742239428,0.312998553,0.143907683,0.01408695,0.561319132,1.483860882,0.839773148,0.129623882,0.322811594,0.675086454,0.62139314,-1.667154697,0.974340849,0.173580908,-1.378229993,-1.498091954,0.494075545,0.331135341,-0.018652291,1.397617773,0.65591411,-0.221093243,-0.592264989,-1.462942097,0.345440636,-1.189322002,0.701838566,-0.732107251,0.956199139,0.835334847,0.126587313,-1.599139256,1.472874933,-0.263920231,0.780870407,0.29214768,-1.221045399,0.908939195,0.715150182,0.649210542,1.260587277,-0.146767616,0.187275185,1.258338114,1.302244302,-1.641588857,1.600274113,0.608701014,-1.55903528,-0.750507275,1.258338114,1.302244302,-1.641588857,1.600274113,0.608701014,-1.55903528,-0.750507275
0.483799662,-0.474898321,0.350837941,-0.912952998,-0.678629248,0.470444899,0.882745662,-0.415338526,-0.05023279,0.306566505,0.184400064,-0.234806532,0.474925841,3.049337755,2.970846836,2.730465898,2.956437511,2.896877941,0.630615056,-0.569068735,0.835702144,0.328506388,-0.064230365,-0.315414695,0.500117684,1.228342216,1.300762234,2.323923136,1.682864068,0.00584276,0.147252186,-0.376563606,-0.672990317,-0.57621491,0.399490272,1.893319166,0.337459017,-0.098000653,-0.119982206,0.369818002,0.002513091,-0.080990227,-1.204574321,-0.217864308,0,0,-0.572522997,0.375313961,0.064459871,-0.290071537,-0.252521385,0.056297651,-0.19091503,-0.444538584,0.139094054,-0.036118934,-0.689476601,0.082616543,0.212193709,-0.064590478,1.010942901,-0.524349242,-1.174619964,-0.096584741,-0.112515377,-0.336062157,0.810266234,0.052211098,1.88328663,1.177807812,0.7306991,-0.18948176,-0.449306702,-0.703555983,1.503093702,-0.282364738,-0.04641248,-0.809181749,-0.837335085,0.172768604,-0.724657981,-1.427540307,0.237868122,0.181123588,-0.2407234,1.698105162,0.085988489,0.552617458,1.285042391,-0.006634867,0.652781626,1.626814549,1.167695602,-1.22447445,0.546169546,1.230044567,-1.238522298,-0.884045563,0.369811853,-0.541047887,1.208318843,0.819705676,-0.962901343,0.465302056,-1.640675418,1.149410003,0.02417333,-0.439484426,0.115311985,-1.221045399,0.726215849,1.394598362,-0.729556351,1.068387093,-1.494450518,-0.361964414,-1.041053247,-0.971279808,1.432134205,-1.379543264,-0.142056765,0.371105375,-0.237800344,-1.041053247,-0.971279808,1.432134205,-1.379543264,-0.142056765,0.371105375,-0.237800344
0.064454441,-0.393216772,-0.17989204,-0.123460177,-0.678629248,-0.915083546,-0.93797724,-0.883342087,-2.335648586,-2.370003641,-1.501746379,-0.323780084,-1.517705194,-0.91344102,-0.780393518,-0.921261298,-0.987591533,-0.897461553,0.057129277,-0.590808878,-0.584516731,-0.90750602,-1.107632392,-0.329314285,-1.521513612,-0.730802044,-1.04768325,-1.239860473,-1.050771036,-0.216042262,0.100155048,-0.519382612,-0.321690197,-0.575981047,-0.801765909,-1.081996026,-1.510791398,-0.247179094,-0.131240455,-0.787810971,-0.820406695,-0.384890691,1.374583322,-0.373749319,0,0,-0.572522997,-2.890965451,0.234315004,0.424348703,0.038463522,0.426202986,0.099594022,-0.032164158,0.521414368,-0.381607711,0.841526317,-0.323891597,-0.466186675,-0.18519056,1.010942901,-0.756251459,-2.233971044,-1.989442599,-0.768073327,-0.341565666,-0.993127616,-0.625941476,-1.126439783,-1.331578169,-0.86531612,-0.301455859,1.33882483,0.39247497,0.3636409,-1.017286526,1.548469555,-0.104352724,-0.257036093,-1.051130454,-1.66920377,0.222791485,-1.29239604,1.62369817,0.767885697,-0.131044647,0.545848691,0.733296632,0.562431767,0.314333346,1.531948137,-0.253718982,-0.497093307,1.213913227,0.217342636,-0.089558904,-1.414815145,1.443776225,-0.201870561,1.607671066,-0.992310543,1.651617879,1.352812887,0.931034828,1.499521231,0.425831293,-0.263920231,1.470636182,0.468983376,1.216086839,0.986475634,0.165467488,-0.989701048,-1.045814923,-1.22767812,0.887721186,-1.27940479,-0.827183209,1.662034999,0.709823018,-1.154726633,-0.786979018,-0.951927855,-1.27940479,-0.827183209,1.662034999,0.709823018,-1.154726633,-0.786979018,-0.951927855
-0.100838222,-0.460210106,-0.17989204,1.146593492,0.784860499,0.681768961,0.597572196,-0.345777449,0.411467371,-0.21278447,-0.210135059,-0.149547639,0.479670201,0.199345558,0.083116857,0.267566682,0.197496295,-0.070970292,0.152201154,-0.456512745,1.095967376,0.924257885,0.566185097,-0.308431544,0.511172401,0.369061166,0.719703557,1.285524649,1.22437901,0.053158039,0.210971844,-0.551372007,-0.518239435,-0.574119143,-0.643165446,-0.459137202,0.486868482,0.058657519,0.105182763,0.688276291,0.669968481,-0.252278516,1.042588502,0.00949002,0,0,-0.572522997,0.375313961,-0.153251272,-0.588873847,-0.340485048,-0.15180677,-0.375907875,-0.585482828,0.114491717,-0.020804435,1.292703336,0.007183378,-0.139109409,-0.023884273,-0.703022038,-0.273711613,0.143793607,0.059000846,0.322798751,-0.173647522,0.63644514,-0.190601175,0.657470906,0.221733131,-0.094271764,-0.245488365,1.33882483,1.114565951,-0.104800808,1.26190923,-1.495389494,-0.770024581,0.022367125,-0.834183214,1.666260904,-0.52735933,-0.942621374,0.426368901,-1.629833834,0.30321394,0.523950586,-0.755225409,1.577928106,-1.200636618,1.531948137,0.921614474,0.24391547,-1.548605663,0.287093799,-0.738887597,-0.258806096,0.582421677,1.656097283,1.375946473,-1.164066972,1.703346104,0.343730708,-0.847217573,-0.737961296,0.438740799,-0.263920231,0.553475097,-0.592030798,1.216086839,-0.255350102,-1.443912734,1.429644633,-0.234303038,-1.186322318,1.429734511,0.220807866,0.805911574,-0.577556871,-0.331390867,-1.074532052,1.143161637,-1.574500556,0.220807866,0.805911574,-0.577556871,-0.331390867,-1.074532052,1.143161637,-1.574500556
0.138722925,1.414383551,-0.71062202,-1.942726243,-2.142118995,-1.355731617,-0.477312409,-0.355586213,-0.111792811,0.32642837,-0.43500682,-0.246473033,-0.871286198,-0.194340507,-0.025901487,-0.281341149,-0.336955641,-0.438389972,-0.540410832,-0.629225192,-0.551100952,-0.763650444,-0.681132548,-0.317585128,-0.860994296,0.085701543,-0.684521577,0.384610121,1.1957021,-0.082384171,0.213742264,-0.486495363,-0.327991524,-0.572836769,-0.615023052,-0.889733828,-0.886868541,-0.440999575,-0.080578336,-0.263421226,-0.567523026,-0.399900681,-1.007536325,-0.36824876,0,0,1.772438196,0.375313961,-0.356133793,-0.885796006,-0.410294952,-0.39813954,-0.491568308,-0.667532346,-2.455960431,-1.02743392,-1.983028742,-1.004017004,-1.249049567,-0.441119666,-1.045815026,-0.378102814,-0.201073022,0.359058764,-0.263101547,-0.331043152,-0.406481424,-0.097135089,-0.264382383,-0.263883354,0.125518024,-0.175292979,0.444759064,-1.167757328,0.895385541,1.378220393,1.29708041,-0.57423874,0.688636338,-0.326835397,1.358593203,-0.597373406,-0.964482291,0.179290001,0.150958818,0.632197719,0.042192279,1.032571131,-0.270610947,-0.096505966,-0.333600314,1.391747857,0.886951699,-0.134007913,-0.340666665,-0.236181512,0.79820981,-1.488231403,1.604126154,-0.37252091,1.496201303,-1.282457888,-1.247514265,1.079222528,-0.605704149,-0.794043536,0.109534386,0.614113846,-1.122537885,-1.221045399,-1.690562485,-1.317084653,1.442651868,-1.280726258,1.219893877,-0.093853127,0.655448915,-0.923247608,0.077939343,-0.234872451,-0.920114827,-1.173007149,-1.244903244,0.655448915,-0.923247608,0.077939343,-0.234872451,-0.920114827,-1.173007149,-1.244903244
0.981489077,0.370609287,1.412297901,1.146593492,0.784860499,-0.894745942,0.180780206,-0.558393132,-0.532452958,-0.786571666,-0.939235485,-0.338752663,0.474925841,-0.125342938,-0.015912912,-0.176986923,-0.170903515,0.125409458,0.392744457,-0.500699985,0.487137815,0.506760641,0.321715086,-0.307084904,0.497354005,1.795496958,0.332331106,0.537877738,1.094238815,0.043121285,0.163874706,-0.582737977,-0.480335304,-0.572408429,-0.584951101,-0.742856347,0.549122425,0.691917324,0.700462651,0.538240515,0.455950911,0.278127648,-1.206020472,-0.077631342,0,0,1.772438196,0.375313961,-0.060235366,0.512594468,-0.003946109,0.518388153,0.205250701,0.897089336,0.130237213,-0.419030158,-0.228679676,-0.575313068,-0.524569952,-0.192362579,0.325356925,-0.511291623,-0.955159382,-0.841022729,-0.656658038,-0.355350319,0.158437131,-0.277452392,0.378423424,0.431193136,0.051329808,-0.358016633,-0.449306702,0.469841861,0.21171386,0.669549155,-1.591376663,-0.143509892,1.31192044,0.858824639,1.364844133,0.002747246,0.500199121,-0.469970288,-1.368444766,0.434807452,1.180893731,-0.995670231,0.651532746,-1.367540089,1.317517281,1.156681166,1.111993575,0.160100026,0.087804762,-0.068612818,0.807535962,-0.490186678,-0.188877779,1.123156008,-1.574866349,-1.223801798,-0.975838294,-0.148618416,1.642506968,-1.263297221,-0.562683925,0.780870407,0.468983376,-1.221045399,-0.131413394,-1.368158514,0.714246717,0.577208847,0.861877038,-1.256502945,-0.368060653,1.638469699,1.403053899,1.306156306,-1.282696709,-0.786979018,-1.428012862,-0.368060653,1.638469699,1.403053899,1.306156306,-1.282696709,-0.786979018,-1.428012862
1.521294156,-0.546346691,1.412297901,0.116820247,0.053115625,-0.720557209,0.948554924,-0.591660393,-0.611967985,-0.276048187,-0.323806499,-0.419421952,1.293327874,0.773638936,0.558069275,0.726574114,0.855659374,1.467296185,2.221637187,-0.512823087,-0.0669348,-0.478399329,-0.442909982,-0.313289384,1.119181813,0.132058266,0.777204155,0.964140317,1.076387726,-0.05925064,0.109851518,-0.043943454,-0.310141912,0.194008546,0.351702928,0.808333492,1.315537642,0.149063534,-0.023583454,0.438952134,0.28905531,0.124188845,-1.008879179,-0.176566028,0,0,-0.572522997,0.375313961,0.847006736,0.510204104,-0.156843362,0.617182734,0.246218339,1.10991458,0.818610596,-0.062516841,-0.364440592,-0.219101137,0.004380566,-0.01433777,-1.388608014,-0.704684609,-1.341278,-1.064339108,-0.625709347,-0.439629638,1.027542601,-0.029977108,0.876722499,1.371282711,1.03917967,-0.338216361,0.444759064,0.224846707,-0.725169555,1.166830415,-0.347906248,0.065328337,1.440875772,0.660166159,0.58410838,-0.817417644,-1.183091457,0.915466589,-0.61610554,0.934862795,0.436358167,0.284594362,1.190229182,-0.533022736,-1.319982254,-0.488785674,-1.646006977,0.132141729,0.924818714,0.790176743,-1.248411254,-0.912988598,0.499739674,0.659706822,-0.256439169,0.809158131,0.848271798,-1.376459359,0.548514906,0.625262438,-1.320263291,-0.083231773,-0.415195102,-1.221045399,-1.211481836,-1.225456484,-1.340896389,1.239231701,-0.559553053,1.52272381,1.286379472,0.853943774,0.527607062,1.073814139,0.966164093,-0.014922756,-1.080104587,1.286379472,0.853943774,0.527607062,1.073814139,0.966164093,-0.014922756,-1.080104587
-1.002475733,-0.581123996,-1.241352,-0.912952998,-0.678629248,-0.499565272,0.312398729,-0.023318908,0.288347328,0.617735716,0.279206625,-0.250046072,0.473739751,-0.450429014,-0.376642129,-0.4424183,-0.335985724,-0.171747403,-0.53544724,-0.654328856,-0.070196664,-0.048920744,-0.072117883,-0.313756717,0.486299288,-0.443043739,-0.321359905,-0.336038429,-0.397075685,-0.180601829,0.125088827,0.143068016,0.245434948,0.19439864,0.074348242,-0.320541206,0.455049799,-0.970894135,-1.499117643,-0.856577368,-0.556345847,-0.167631316,1.063092849,-0.226721376,0,0,-0.572522997,0.375313961,-0.164709754,-0.535049035,-0.301915727,0.077141637,-0.192783059,-0.495039057,0.118428091,0.281427825,-0.112795754,0.112774867,0.26862988,0.008850782,-1.388608014,0.219080317,0.978733866,0.309800007,0.077857567,-0.242221424,0.397441136,-0.325835967,-0.456227527,0.43766986,0.925776935,-0.300787967,0.444759064,1.088776987,-0.256727848,-1.52137488,0.747117189,-0.052143167,-0.600916977,0.574990889,-0.982560482,0.222791485,1.615105867,-0.627194124,1.375873823,1.053296956,-1.205999697,-0.71959667,1.489222935,0.981947228,-0.612360428,-0.958919056,0.288989175,-1.758908837,-0.898675966,0.643554135,1.454099831,-1.582286316,1.045436523,0.63864095,-1.489094835,-0.408815407,0.253172051,-0.868387245,-0.30521349,-1.362637181,0.056183726,0.955206812,-0.415195102,1.216086839,-1.181460755,0.291981825,-1.171802336,0.854831334,0.210428076,1.670560804,0.248849224,0.261546646,-1.208032968,1.693647642,1.32533344,-1.173007149,0.824235441,0.248849224,0.261546646,-1.208032968,1.693647642,1.32533344,-1.173007149,0.824235441
1.320225821,0.15822881,1.943027881,1.146593492,0.053115625,-1.316926535,0.312398729,-0.268425708,0.355037352,0.803848742,1.042842435,-0.120584048,0.468995392,-0.527879352,-0.439039155,-0.484939773,-0.502630261,-0.532598395,-0.033742637,-0.633036742,0.639488078,0.110302056,-0.285678634,-0.31973001,0.493208486,-0.488904929,-0.829786247,-0.718169072,-0.239755768,-0.229015806,0.073836059,-0.089140873,-0.277123508,0.196395135,0.100946758,-0.298287442,0.553272688,-0.476851133,-0.967165403,-0.314352488,0.188841741,-0.086392335,-1.226938005,-0.369842268,0,0,1.772438196,0.375313961,0.006493436,2.117372505,0.470014872,1.110027092,2.810822259,2.842163627,-0.398713028,-0.881573146,-1.109020904,-1.069868489,-1.131512145,-0.35842608,-0.017436062,-0.149594787,0.62231668,0.992514369,0.763501956,-0.065728128,0.310530589,-0.257130374,-0.431312573,0.289945435,0.143580786,-0.226130947,0.444759064,-0.265143602,-1.016363049,1.511910226,-0.081076909,0.939838423,-0.471961646,0.065057155,0.962356421,0.092765344,0.587642787,-1.160995743,-0.934459728,1.44807749,0.940014578,0.340145912,-1.563672611,1.392786541,-1.34142534,0.921614474,-1.019945397,-0.018403859,-0.09155537,0.434093267,1.127024231,0.615356482,0.707624188,0.891431415,0.92035482,0.222870396,0.783587043,0.994543842,1.45705097,-1.32543753,-1.384284082,-0.795737079,0.468983376,-1.221045399,-1.707096593,-1.667103363,0.649210542,0.342297512,-0.32241397,0.878149918,1.272358793,-1.275483738,0.729929786,-1.66079173,1.681090251,-0.400950887,-0.60401958,1.272358793,-1.275483738,0.729929786,-1.66079173,1.681090251,-0.400950887,-0.60401958
0.414512601,-0.446797854,-0.71062202,0.116820247,-0.678629248,-1.035706572,0.378207991,0.145624778,0.957812561,0.166981735,-0.057648982,0.211557182,0.476111931,0.562224309,0.459914459,0.692251689,0.703737996,0.812231071,-0.274667755,-0.593866842,0.752988971,0.599511781,0.359309397,-0.314555056,0.501499524,-0.076660512,0.671282001,0.546600285,0.649343617,-0.137740731,0.179112015,0.056823761,0.066541859,0.196878864,0.102099294,0.261748387,0.535288216,0.138790641,0.109404606,0.417439652,0.369327775,0.224489397,1.078225781,-0.130378084,0,0,-0.572522997,-0.142240711,0.054349446,-0.100494618,-0.29686661,0.347579647,-0.008001247,-0.392232732,0.130729259,0.02102683,-0.27506748,-0.187563189,-0.135976097,-0.011081677,-0.36022905,0.095396405,0.770823841,-0.443798909,-0.430932758,0.121376102,0.397441136,0.211901302,0.196544261,0.726779788,1.256979936,-0.044117905,1.33882483,1.320877659,-0.168103741,-1.337113001,0.121043484,-1.474853605,-0.85882764,0.288668235,-0.744528223,-0.787411612,-0.505403042,-0.437982979,-0.771437449,1.579671001,0.261173328,0.172980377,-0.080110316,1.431302726,0.159590656,-0.958919056,1.214327557,0.587248566,-0.460240087,-1.409162376,-0.545296651,1.249898849,-0.487711768,1.607671066,1.654972036,-1.34106016,-0.354864646,1.354428256,-1.094492921,-0.111692198,-1.234902235,-0.636560362,-0.945702189,1.216086839,1.133827024,1.039504139,0.272000732,-0.832259164,1.470612713,-0.390012055,1.005965891,1.334265769,0.977463459,0.626356709,-0.927793032,-1.55903528,1.465119104,1.005965891,1.334265769,0.977463459,0.626356709,-0.927793032,-1.55903528,1.465119104
1.051228995,-0.14412651,0.881567921,2.176366737,2.248350246,0.928625387,0.77306356,-0.182609544,1.591367782,0.333048991,0.452727343,-0.175587686,0.480856291,0.66454316,0.479013581,0.751190897,0.707952035,0.165078315,0.637869537,0.809689702,1.52324317,1.348152899,1.262866405,-0.24729023,0.504263203,0.010750697,1.7446265,0.224281395,0.279422992,-0.014745949,0.150022606,-0.027452125,-0.249705238,0.196891872,0.344325074,0.31222969,0.572640582,0.838055757,0.949551398,1.778150137,1.47840874,0.048474263,-0.060875924,-0.031300625,0,0,1.541405223,0.375313961,0.024692201,0.142910111,-0.261848346,0.465345775,0.098929443,-0.302515881,0.141554287,-0.386414581,0.030989319,-0.485896501,-0.530122194,-0.21012492,1.010942901,-0.259552295,0.539812702,0.394801399,0.113271493,-0.277447192,0.70162805,0.113256804,2.129944672,1.08616906,0.519705092,-0.135602179,-0.449306702,0.921148724,1.528414875,-0.839491026,-1.005093181,-0.169614671,1.483860882,1.470676318,0.524201492,-0.867427699,0.69694737,0.376805254,-1.294307354,-1.157474037,0.151682804,1.236239536,0.276107144,-0.687087478,-1.105551397,-1.193985748,0.499138512,-0.985462692,-0.09155537,0.329362833,-1.220533617,0.871473154,0.954487048,1.270617113,1.596008206,0.169676849,-0.833531833,1.439106942,-0.092226734,-1.46358278,-1.341603554,-1.030712233,-0.768866494,-0.00247928,-1.157576297,-1.311947719,1.364608459,1.324654004,-1.501267402,0.57681774,0.669469594,1.574426766,1.419272518,-0.222719353,0.986639305,-1.55903528,-1.116726511,0.669469594,1.574426766,1.419272518,-0.222719353,0.986639305,-1.55903528,-1.116726511
-1.202185498,-0.656895193,-0.71062202,-0.912952998,-0.678629248,-0.788148849,0.685317878,-0.029464858,-0.288777873,-0.120095769,-0.052586203,-0.219745237,0.459506673,-0.175303404,-0.32974508,-0.105747531,0.178787443,0.126679242,-0.706118441,-0.598791196,-0.017348691,0.277019979,0.049079149,-0.316048254,0.484917449,0.024940324,0.768125114,0.269555569,0.03019876,-0.149829378,0.097384628,0.141667617,0.235801296,0.196955792,0.072145213,-0.426868872,0.423231117,-0.409202758,-0.924946971,-0.234002447,-0.131359028,0.130010998,-0.065524265,-0.250078553,0,0,1.772438196,0.375313961,-0.004965045,-0.125158436,-0.175151356,0.296839297,0.0011589,-0.314227958,0.116951951,-0.101890124,0.102881855,0.081028935,-0.079224269,-0.096252387,0.325356925,0.342067922,0.35665387,0.283518658,0.378845138,2.152250207,0.658172777,-0.500660171,-0.760189963,-0.843619039,-0.625002846,-0.330491685,1.33882483,-0.974340101,-1.130308329,1.360265555,-0.521824731,-1.122439093,1.118487443,-0.536968817,0.349201172,-0.257305036,0.806251953,-1.56003142,1.729260447,0.000548864,-1.271694011,-0.018470263,-1.574296459,-0.995216962,0.331135341,-1.193985748,-0.982515728,1.18818551,-0.91860487,0.580715875,-0.707139391,0.041872046,0.642660277,-0.456784398,-0.550456107,0.58629467,0.925893504,-0.317975787,-1.619931118,-0.16176173,0.312266892,-0.394005364,0.468983376,-0.00247928,0.816647444,0.034994832,1.455659103,-0.234303038,-0.198862167,-0.16090486,1.174214039,0.325589579,1.589264795,-0.322598354,0.328873115,-1.173007149,-1.702677289,1.174214039,0.325589579,1.589264795,-0.322598354,0.328873115,-1.173007149,-1.702677289
1.175764563,-0.586996545,0.881567921,0.116820247,-0.427209215,-0.463526415,0.33433515,2.843734454,0.375557359,-0.345380806,-0.111169787,-0.375480899,0.466623212,-0.066451422,-0.324675825,0.12895952,0.273604006,0.582769598,-0.061615115,-0.283924328,0.793387095,0.353186512,-0.061130949,-0.31180981,0.494590326,-0.328623264,-0.595748724,-0.151618858,-0.115143652,-0.126000995,0.163874706,-0.040148217,-0.264979276,0.198697337,0.110531752,0.429992756,0.59892558,0.103814228,0.229023496,0.490434998,0.417592865,-0.015883131,-1.21278639,-0.111071334,0,0,1.772438196,0.375313961,0.108945739,1.116487712,0.02078878,0.756718717,0.399345048,1.278156678,0.126792885,0.110136692,0.078232986,-0.545808465,-0.408278545,-0.109179617,-0.36022905,3.960586195,0.755973125,0.422284181,0.082107238,-0.368899189,0.353985862,-0.455633188,-0.259399392,-0.818263354,-1.261440355,-0.37741256,0.444759064,0.353791525,0.66749498,0.561292711,-0.561670231,1.018152759,-0.214050983,-0.758995898,0.619586452,-0.227299004,1.112304786,1.243919528,0.812807641,-0.39423167,0.742931634,-0.666500372,1.301317954,1.007624685,-1.427197682,0.451481092,-1.625409187,0.733837408,-0.081590918,0.057063704,1.163185503,-0.339092963,-0.162892215,-0.330389166,-1.734105226,-0.977100967,0.49897412,-0.572011844,-0.331516481,-0.820393358,-1.37361395,-0.932174265,-0.238359407,-1.221045399,0.052785037,0.777099668,-1.483975972,1.047031517,0.820209145,-1.400749874,0.753593669,-1.051333474,0.71546516,1.024383419,0.826250143,-0.786979018,0.769302555,0.753593669,-1.051333474,0.71546516,1.024383419,0.826250143,-0.786979018,0.769302555
-0.488936337,-0.5420187,-0.71062202,0.116820247,0.053115625,1.349403386,1.23372839,-0.31272614,0.560237423,0.095810054,-0.113219007,-0.358939112,2.008540085,1.719026847,1.772331217,1.496031755,1.542549545,0.860962643,1.017775229,1.462707076,0.908368761,1.607612944,1.902983933,-0.143032157,1.825301835,4.016439635,3.364731074,2.557770475,2.860920754,0.532524412,0.258068982,-0.160634192,-0.397649314,0.199128926,0.95674013,1.080984447,1.790051035,0.243866719,-0.376635089,0.77331495,1.002235522,0.435963838,-1.243620383,0.015320544,0,0,1.772438196,0.375313961,-0.852892655,-1.438419264,-0.51401214,-2.048356537,-2.286426761,-1.555769105,0.380196954,0.868185276,0.46747972,1.443631691,1.421838322,0.338343033,0.325356925,-0.373433363,-0.227474295,-0.139686154,-0.295805537,-0.42785345,1.201363696,0.040064642,1.713864945,0.99673515,0.368710869,-0.304200231,0.444759064,0.199057743,-1.35819889,1.480606017,0.722728634,-1.239910597,0.215800122,-0.585370307,-0.635952018,-0.917437753,-1.904501704,1.04762248,-0.263708528,-1.157474037,-0.461464132,-0.645867783,-1.225372008,-1.431733731,0.738553968,-0.723852365,-0.894300437,1.651049529,-0.031768659,-1.8490302,-1.041354183,-1.446906003,-1.124358092,1.375946473,1.356114442,-0.589962453,0.576595826,-0.889556916,-1.561448994,0.128680688,2.606345253,-0.295467396,-1.476209276,-1.221045399,0.872457163,-1.151076762,-0.820606995,-0.618703405,-1.517871487,1.553695353,-0.115688431,0.453675444,-0.906134944,-0.792737669,-1.483183161,-1.55903528,0.604503899,-0.115688431,0.453675444,-0.906134944,-0.792737669,-1.483183161,-1.55903528,0.604503899
-1.34483533,-0.645671413,-0.71062202,-0.912952998,0.053115625,0.495925344,0.860809242,0.417729553,0.991157573,1.567610994,0.723586012,-0.117317037,1.037132455,1.006102169,0.987749128,0.915483255,0.876972436,0.298639231,-0.049397043,1.717085546,0.825575306,1.665276592,2.104445137,-0.05460096,1.018307524,0.154467246,0.808476411,1.29133968,0.961680085,-0.060814057,0.163874706,0.069687865,-0.067581092,0.199698353,0.395929125,0.586466559,1.000117661,0.499894979,0.305016673,1.020340764,0.817939086,0.368113151,-0.340034605,-0.154132752,0,0,-0.572522997,0.375313961,-1.38470099,-1.245399744,-0.504035685,-1.999799133,-1.377369531,-0.84831737,1.578330756,1.159703401,1.680184526,1.864627075,1.743107497,0.283712516,-0.703022038,0.184414502,0.506811111,1.085925793,0.255573883,-0.163446333,0.897176781,0.646814958,1.982946445,1.53333861,1.631219432,-0.173694252,1.33882483,-1.129073882,0.262356206,-0.246006869,1.329281612,-0.743919802,-0.643902088,1.149631111,-0.143431005,-1.007455851,1.003000203,0.061038905,-0.190431756,-1.578573273,-1.030814858,0.769267446,-1.078976173,0.583946645,-0.569474256,-0.018652291,1.733574839,1.598156891,-0.649564671,-1.11591716,-0.689510771,-1.551978701,0.954487048,-0.87810184,1.152024217,1.542563525,-1.376883775,1.333258585,0.100308839,-0.097034237,0.365617552,0.90972775,-1.476209276,-0.00247928,-0.336468653,1.217184467,0.45410202,1.580920915,-0.62108834,-1.202756013,0.641428236,1.654480432,1.255518809,0.187416821,1.344102384,1.529189768,-1.446323824,0.641428236,1.654480432,1.255518809,0.187416821,1.344102384,1.529189768,-1.446323824
-0.938622951,-0.107287858,-0.71062202,0.116820247,0.784860499,0.222419645,0.553699355,-0.250546922,0.467897391,0.145280809,0.022632225,-0.252856483,0.467809302,0.215218116,0.092406816,0.290514028,0.34312432,0.022898446,-0.966134296,-0.656798992,-0.527806811,-0.196289123,-0.170409064,-0.311984044,0.471099053,-0.288026277,0.42110396,0.059799074,-0.045812327,-0.156626458,0.132014877,0.158942097,0.204820225,0.200358572,0.086663688,0.103691122,0.439832169,-0.640194726,-0.570312145,-0.628949562,-0.457910466,-0.136042809,-1.208189697,-0.083373757,0,0,1.772438196,0.375313961,-0.052821055,-0.655947334,-0.347707055,-0.059323917,-0.305167663,-0.562383531,0.126792885,0.975988121,-0.108687609,1.248443707,1.888362936,0.369826237,-0.703022038,-0.135403642,0.668518908,0.024459644,-0.024380895,-0.094777543,0.592989866,-0.214413212,-0.24445042,0.382411003,0.607977027,-0.275373195,1.33882483,1.127460432,-1.180950676,1.231235481,1.263292056,-0.665605466,0.215800122,1.349837907,-0.86614303,-0.477349275,-0.898899541,0.892760793,0.15359861,1.184890467,-0.242483084,0.305526128,0.423926743,0.327172074,0.052375228,-1.429052439,1.420650988,-0.204540723,-0.938533773,0.601661962,-0.774490867,-0.689907044,-0.331798382,0.596509206,-1.340104295,0.867556547,-1.247514265,0.571150413,1.374287801,-0.0002633,0.109534386,0.985526187,-0.768866494,-1.221045399,-1.568149346,0.017599474,0.597181603,-1.21665953,-1.693790102,-0.758563765,0.571324841,1.110115504,1.54054365,-0.152152847,-0.588245763,0.757133506,0.750991593,0.571324841,1.110115504,1.54054365,-0.152152847,-0.588245763,0.757133506,0.750991593
-0.896960143,-0.589272504,-0.71062202,0.116820247,0.053115625,1.101845663,0.268525888,-0.221687452,0.129317273,1.308119413,1.152596248,-0.232891416,0.471367572,-0.536673867,-0.666961597,-0.520821562,-0.491312315,0.5643908,-0.612192008,0.393257285,0.063336769,0.463834695,0.526952888,-0.282355622,0.494590326,5.745249693,-0.24872757,-0.001258757,0.079030126,6.758963025,0.176341595,0.180155354,0.228758513,0.200623095,0.082703958,-0.095258143,0.448132695,-0.939384269,-1.144482816,-0.91798907,-0.855208365,-0.283537366,1.095424641,-0.399948832,0,0,-0.572522997,-2.890965451,-0.05079897,-0.498452023,-0.286942779,0.01665314,-0.204489032,-0.467088961,0.128269026,0.024503639,-0.097047865,-0.181212758,-0.17450288,-0.175916239,-1.388608014,0.064105147,1.041436889,2.121861488,1.148559105,-0.141052742,0.353985862,-0.492399513,-0.730292018,-0.658412298,0.061696263,-0.380016735,-0.449306702,0.482736343,-0.066819048,0.793621413,1.505692637,-1.109386703,-0.923305306,1.56581278,1.533890515,0.892926213,-1.22681329,-0.030044192,-1.015443404,-1.328545601,-0.702343285,0.596868273,-0.085418561,-1.431733731,1.210301852,0.451481092,1.699446105,-1.333280303,-0.759173641,0.496931527,1.23876245,-1.110252553,1.39624164,0.322652869,0.186586744,0.075532572,1.314002034,-0.80487823,-1.310302438,0.384579982,0.226905837,1.212921497,-0.238359407,1.216086839,-0.829011755,1.273505653,-1.327889154,-0.64005898,0.791491914,-1.148446953,0.192766508,0.309578846,0.421587362,1.306446097,0.921801133,1.143161637,0.897479288,0.192766508,0.309578846,0.421587362,1.306446097,0.921801133,1.143161637,0.897479288
-0.180540985,-0.359239676,-0.17989204,0.233527882,0.053115625,-0.048982164,-2.714827301,-0.753348524,-1.881643428,-0.920823158,-1.195086631,-0.239177197,-2.189032079,-1.159824025,-1.059309541,-1.206608405,-1.275805485,-1.103516075,-2.231468432,-0.019868567,-1.447246801,-1.293078459,-1.52054918,-0.318313731,-2.264943303,-0.757686622,-0.575573076,-1.192509501,-1.230663943,-0.363882465,0.116777567,0.237440235,0.286907019,0.200933494,0.076665433,-0.516469098,-2.220486355,-1.551029123,0.071408018,-1.947278618,-2.192786428,-0.873435836,-0.944525485,-0.529543463,0,0,1.772438196,0.375313961,0.598964319,0.833532965,0.01413162,0.635132599,0.243849793,0.955773914,-1.370997378,0.791438506,1.088585124,2.301108671,1.646744576,-0.070379597,1.010942901,-0.749841033,-1.75709805,-1.257169121,-0.924510492,-0.324316161,-2.753066193,-0.401467507,-1.221116607,-1.163458955,0.118607054,0.425424789,1.33882483,1.565872814,0.51556794,-1.00276155,0.471331114,-0.221824228,1.075502333,0.904833123,-0.283474234,2.943338439,-2.232415453,1.303724617,1.16180591,-1.183792739,1.509365304,1.088161681,1.259982179,1.48265764,-1.705957796,-0.488785674,-0.871574428,-0.970492456,-1.127858358,1.669912391,-1.149503972,-0.570526147,1.448212769,-1.78393434,0.101283934,1.132226937,0.848271798,0.909865156,0.686994403,1.455827913,-0.210569572,-0.87911536,0.29214768,-1.221045399,-1.751049345,0.501946238,-0.547455063,1.687698795,-0.909854383,-0.689543747,0.641428236,-0.282818282,0.841376902,-0.732770752,-0.445772412,0.371105375,0.458016204,0.641428236,-0.282818282,0.841376902,-0.732770752,-0.445772412,0.371105375,0.458016204
-1.245206876,-0.508798041,-0.71062202,1.046476649,0.784860499,-0.193449277,0.136907365,-0.389956081,0.539717416,-0.898018795,-0.799828253,-0.341663184,0.466623212,-0.358018286,-0.367102432,-0.27306949,-0.277056264,-0.068513741,-0.885571381,-0.487183681,-0.113633012,-0.117592338,-0.140670558,-0.308422404,0.489062967,-0.143115407,-0.030830566,-0.092637824,-0.218910303,-0.132370473,0.187423275,0.166158652,0.232123618,0.201238866,0.081949284,-0.280045503,0.391412435,-0.779846901,-1.195144934,-0.611666029,-0.509604918,-0.069755332,-1.202818281,0.271063636,0,0,1.772438196,0.375313961,-0.054169111,-0.3940218,-0.238058554,0.114721875,-0.156097848,-0.450915243,0.131713353,0.193176194,-0.54072752,0.825617033,0.657419775,-0.020331255,0.325356925,-0.364823022,0.767523682,-0.815041738,-0.62703352,-0.442575482,0.114981858,-0.170163439,-0.473667995,-0.876002658,-0.885211337,-0.086184834,0.444759064,1.694817632,-1.117647743,0.361919716,1.262560877,-0.443714847,0.624158672,1.178751957,0.644059236,0.202787463,0.609503704,-1.677193721,0.880128552,-0.538984533,-0.220584979,-0.858055194,-1.560644352,1.071818328,-0.140612543,1.626814549,0.818231479,-1.073716788,-1.068071647,0.182740225,1.569933336,0.335053741,0.993465394,-0.541047887,0.474650764,0.275942444,1.456308495,-1.164762645,1.698390316,-1.440247763,0.557679926,-0.894275047,-0.061523711,-1.221045399,1.351127107,0.25646983,1.078449292,0.278230784,-1.483507711,-1.21171733,0.417097372,0.197503714,-0.645786062,0.725102892,0.226497054,-1.173007149,-0.787129199,0.417097372,0.197503714,-0.645786062,0.725102892,0.226497054,-1.173007149,-0.787129199
2.247676159,-0.428721969,2.473757861,1.146593492,0.053115625,-0.741337297,-2.67095446,-0.389001272,-0.450372929,-0.458850902,-0.869501734,-0.491775582,-2.082283988,-0.925597543,-0.800292218,-0.918490617,-1.004192415,-0.904819138,0.435125896,1.520250197,-0.810494562,-1.532183984,-1.006191708,0.069096673,-2.117086469,-1.000860685,-2.137168268,-2.025720448,-1.352627187,-0.229523583,0.166645125,-0.004674634,-0.269306318,0.201498612,0.123885947,-0.130341936,-2.111196099,0.015770089,-0.080578336,-0.820171628,0.137147289,1.692969447,-0.919011259,-0.37140767,0,0,-0.572522997,0.375313961,1.237943154,0.603586139,-0.121465126,0.590449306,0.185773722,0.706981614,-0.951773559,-1.265001899,-1.092892632,-1.862605309,-1.92845999,-0.63658973,-1.388608014,-0.334657048,-0.272026443,-0.814140664,-0.630174581,-0.544953268,-2.557517462,-0.640251786,-1.328250908,0.298075791,-0.406993156,-0.451316247,0.444759064,-0.368299456,-0.547921342,1.491971486,0.078531231,-0.887496085,-1.417634077,-1.220672547,-0.167089137,0.592865887,1.024861119,-1.061896298,1.646221486,-1.302226899,1.377976675,1.615807533,0.688385423,1.341431627,1.338960366,0.2164144,0.254582678,-1.241164092,0.566098449,-0.969294552,0.170538101,0.192951667,-0.851509667,0.02773066,-0.511283383,0.698240527,0.938830455,0.804016799,1.704389234,0.066622931,-1.234902235,-0.666879736,-0.768866494,-1.221045399,-0.787943417,-0.877977607,0.089899444,-0.341080918,-0.809235225,-0.179825062,-0.536308802,-0.154732416,0.71602511,0.997122511,-1.636747253,0.371105375,1.520051989,-0.536308802,-0.154732416,0.71602511,0.997122511,-1.636747253,0.371105375,1.520051989
-0.204995242,-0.57822156,-0.17989204,0.116820247,-0.609446097,0.016238426,0.136907365,-0.555805127,-0.039972786,-0.333426906,-0.497869658,-0.345319241,-0.215378482,-0.225879891,-0.305988851,-0.122000407,-0.170939908,-0.319326998,1.400353625,-0.605550881,0.205840495,0.530829809,0.461260612,-0.305238787,-0.139674039,0.483507836,-0.393992239,-0.711107963,-0.791872666,-0.201156389,0.161104286,0.375126896,0.319961426,0.201619018,0.070667723,-0.299607455,-0.132904113,0.03653616,0.369047962,0.392617557,0.283339707,0.048128656,-0.817006006,0.036247977,0,0,1.772438196,0.375313961,2.935146431,0.890743137,0.034226702,0.64736921,0.280805198,1.035004258,2.43695231,1.003868139,1.78085366,1.429535342,1.253613012,0.272325813,0.325356925,-0.46075614,-0.344629944,-0.212523036,-0.127173663,-0.386105564,0.114981858,-0.36041025,-0.139807614,-0.196635668,-0.318459442,-0.335552015,-0.449306702,-0.510138756,0.161071513,1.184793563,1.421901002,1.383619661,0.301770343,-0.170591992,0.175153216,-0.577369384,-1.139369624,-0.125671943,0.400463445,1.277005925,-0.373871713,-0.261163087,0.261767279,-0.956700777,0.395464598,0.451481092,-1.275248991,-0.472019419,-0.8089959,0.329362833,0.96052617,-0.161345991,1.110400434,-0.014401084,-0.621644201,0.08252241,-0.717099274,-0.36031513,-1.708545541,0.420107952,-0.765416431,0.341239473,-0.061523711,-1.221045399,-1.038554126,-0.661487652,-0.287310366,-0.597347829,-0.764915109,-0.436056164,-0.942908493,-0.202764616,-0.071767489,-1.480848167,-0.573742488,0.371105375,0.036864083,-0.942908493,-0.202764616,-0.071767489,-1.480848167,-0.573742488,0.371105375,0.036864083
1.112817494,0.451964796,0.881567921,1.146593492,0.784860499,-0.685603692,0.948554924,0.030083968,2.383953058,1.474002762,0.945986654,-0.120418012,0.474925841,2.470997214,2.521465885,2.723355554,2.752348904,1.422011265,0.6084698,-0.542691155,1.367689637,0.716491949,0.408663515,-0.309248031,0.473862732,-0.040806352,0.166890789,0.743480638,0.35612509,-0.09870132,0.212357054,0.010115434,-0.444655536,0.203229993,0.746182589,1.984515647,0.481334798,1.075994389,1.312629911,1.30680613,1.119341873,0.343096501,-0.047705626,0.114346959,0,0,-0.572522997,0.375313961,-0.049450913,-0.51692045,-0.398349432,0.167073854,-0.160312594,-0.508635284,0.140078147,0.13896599,-0.058876352,0.187411115,0.251398324,0.140279917,0.325356925,-0.011876382,0.869828615,1.400400908,0.789400313,0.033621865,0.918904418,0.175352486,2.98203609,1.470914016,1.105148019,-0.357520227,-0.449306702,-0.265143602,1.439790768,1.540432763,-1.311316582,0.874576476,1.333412996,-1.485532864,-0.740195296,-1.377530253,1.068582953,1.162603369,-0.006726004,1.184890467,0.502052481,-0.111083479,-0.185117219,0.391365717,-1.277096083,-0.018652291,0.26613595,-1.237138908,0.356844961,0.643554135,0.573890275,-1.497803363,-1.319249824,1.439144089,-1.124832237,-0.54777309,0.046180835,-1.207101988,-1.673888751,-0.175411729,-1.352273686,1.48579587,-1.476209276,-0.00247928,1.655621621,0.529437843,1.26055058,1.196520549,1.243934116,0.106086367,-0.452184727,0.597772043,-0.838037441,0.100444209,1.372255801,-0.786979018,-0.768818237,-0.452184727,0.597772043,-0.838037441,0.100444209,1.372255801,-0.786979018,-0.768818237
-1.089877059,1.024004143,-0.71062202,0.116820247,0.510456171,-0.305656744,0.422080832,-0.348513111,0.429422377,-0.28781818,-0.050657526,-0.360309727,0.468995392,1.277104219,1.340068357,1.312153688,1.360931287,0.494834391,-0.656100706,-0.579296234,0.167305259,0.753658023,0.707172058,-0.303333558,0.491826647,0.271314184,1.163567824,1.111073703,0.972045234,0.000934253,0.209586634,0.225107084,0.222929708,0.20558124,0.15357169,0.484507718,0.471650851,0.544465356,0.504850584,0.944587407,1.227684298,0.239089975,-0.097029685,-0.242737845,0,0,-0.572522997,0.375313961,-0.285360821,-0.560330557,-0.304542994,-0.021021739,-0.268336184,-0.524796692,0.104650782,0.607681804,-0.207283088,0.982373077,1.087284967,0.111275669,-1.045815026,-0.483771118,-0.212623579,-0.206365691,-0.241237297,-0.404868966,0.484351683,0.123103516,1.21556587,0.425681031,0.696981944,-0.351520035,1.33882483,-0.677767019,-0.370673128,-0.592696627,-1.124009059,-0.913600863,1.054009777,0.104860663,-0.95026802,-1.137481992,1.658827701,0.87923167,1.389955748,1.013818902,1.662652038,1.422634818,-1.101307436,-0.712764935,0.717110883,1.626814549,0.687042371,0.316178129,-0.868782611,0.098955877,0.006552716,1.640171359,0.759595316,-1.257287537,0.284773577,1.016994909,-0.445423303,1.333258585,1.364755456,1.377968024,0.344277288,-0.795737079,-0.415195102,-0.00247928,1.436693762,-0.340935972,1.169499936,0.128741753,1.025710333,0.088344954,0.346993977,0.83793304,0.549823559,0.787845049,-1.553140136,1.143161637,0.458016204,0.346993977,0.83793304,0.549823559,0.787845049,-1.553140136,1.143161637,0.458016204
-1.445822354,-0.38745578,-0.71062202,0.116820247,0.784860499,1.209144053,-1.990925424,-0.613048665,-1.391728257,-1.255532356,-0.904338474,-0.204373845,-1.848624277,-0.956767197,-0.805673181,-0.911187266,-0.996315426,-0.895318724,-1.377730614,-0.686955347,-2.218882641,-1.646937456,-1.703287641,-0.333727427,-1.889082939,-1.220467297,-1.774006596,-2.06559495,-1.850730146,-0.44313719,0.104310678,0.266975551,0.330862839,0.205810442,0.084725801,-0.50047029,-1.882931639,-1.434595778,-0.637861635,-1.530267419,-1.963654263,-0.729493059,-0.089334099,-0.259993537,0,0,-0.572522997,0.375313961,-0.724153249,-0.466418159,-0.255305678,0.137853868,-0.162708508,-0.479678793,-0.863205147,0.817889773,-0.625172722,1.399566545,1.943375743,0.28816639,0.325356925,-0.595987474,-0.852854449,-1.080558455,-0.492645372,-0.28092786,-1.992598907,-0.381265708,-1.255997542,-1.422390106,-1.352958351,0.441287511,1.33882483,-0.316721529,-0.307370195,1.678581804,-1.157703609,0.80931453,-0.665394643,-0.276482482,1.688110538,0.312809583,-1.09564779,1.581354206,1.029518654,-0.644259342,-1.140305382,-1.302141679,0.62634087,1.392786541,0.459793855,-1.66411913,1.280821785,0.2912835,-1.068071647,-0.906456292,0.847560418,1.167691579,-0.773552974,1.03889252,-1.014996545,0.785783924,1.443371544,-1.461138045,0.194943196,-0.383680081,0.30159676,1.235661028,-0.238359407,-0.00247928,-0.352423203,0.087584292,1.455659103,0.641275575,-1.226613084,-1.70953066,1.482668978,-1.211440805,-1.568129229,0.91884362,0.049045215,-1.173007149,0.274906586,1.482668978,-1.211440805,-1.568129229,0.91884362,0.049045215,-1.173007149,0.274906586
-0.327266527,1.664822861,-0.71062202,-0.912952998,-0.078598452,-0.927005589,0.35627157,-0.509112574,-0.065622795,-0.187773233,0.021125446,-0.282212375,0.467809302,-0.272797474,-0.330452283,-0.257421568,-0.1905133,-0.343334105,-0.286122198,-0.492974723,0.628184174,0.875084266,0.387994212,-0.306697524,0.493208486,-0.309225836,0.517947072,-0.26708877,-0.109385236,-0.104928265,0.181882435,0.148794194,0.204428714,0.205946706,0.087115115,-0.312340855,0.510386638,-0.626740911,-0.810957205,-0.42265037,-0.419171381,-0.114779986,-0.063251743,-0.12501359,0,0,-0.572522997,0.375313961,-0.022489781,-0.39461126,-0.34949918,0.207023667,-0.124038877,-0.468843347,0.125316745,-0.276520053,-0.232958994,-0.304747329,-0.252789169,-0.171886216,0.668149913,-0.37503578,0.008487083,-0.288213322,0.202360611,-0.300236869,0.310530589,-0.392143544,-0.41138061,-0.477477438,-0.08238699,-0.360464966,0.444759064,-1.206440773,1.148597274,0.113306509,1.473466309,-1.17464865,1.397890661,0.663407756,1.316556426,-0.217296993,0.390894538,1.4322592,-0.78525647,0.079504971,-0.154890664,-0.919922878,0.807619336,-0.75128112,0.931541739,-1.193985748,-0.885320361,0.727387313,-0.8089959,0.936799351,-1.201541194,1.504068133,1.656097283,1.228485369,-1.331510105,-0.29421452,-0.109062577,-1.291780673,-1.075331447,0.121693473,-0.92546841,0.106264319,-0.945702189,-0.00247928,0.437625731,0.952753941,0.45410202,-0.874970316,0.943320639,1.343987427,-1.363528864,0.549739843,-1.655182574,-0.581953625,1.652936834,-1.55903528,1.42849718,-1.363528864,0.549739843,-1.655182574,-0.581953625,1.652936834,-1.55903528,1.42849718
0.522292474,-0.426832447,2.473757861,2.176366737,1.516605372,-0.437500517,-2.451590255,-0.623518054,-2.086843499,-1.362565737,-0.217247058,-0.230866423,-2.254267024,-0.709012891,-0.716688851,-0.697203725,-0.717014424,-0.796913368,-2.333794789,0.579726701,-0.459907781,-1.088571353,-1.210826137,-0.291088142,-2.303634811,-1.66026475,-2.972440116,-2.667035354,-2.785896857,-0.514184345,0.234520413,-0.110341829,-0.077468519,0.208096127,0.09610824,-0.391929498,-2.286890562,-1.130697561,0.755346612,-1.371773744,-2.151126034,-0.863524883,-0.145114187,-0.351970551,0,0,1.772438196,0.375313961,-0.045406743,1.131689783,-0.023370267,0.746325303,0.375765132,1.245444924,-0.082819024,-1.105507271,-1.536267979,-1.412536529,-1.487008519,-0.427572925,1.010942901,-0.509602445,-1.965008075,-1.270835423,-0.210565758,-0.240469589,-2.492334552,-0.828432531,-1.480232126,-2.163079268,-1.796988173,-0.468691051,1.33882483,0.057218443,1.503093702,1.595510554,1.347925427,-0.404557679,0.40923312,-1.210649467,1.098908752,-1.067467916,-0.724012208,-1.314676901,-0.659709655,-1.486457815,-0.833731914,-0.118987977,-1.028980869,0.892076129,1.210301852,1.626814549,-0.700166911,-0.080797586,-0.430346731,-0.152397165,1.292920712,-1.340995157,1.383248858,1.123156008,0.675234377,-1.117201878,-1.221640363,0.211265999,0.105410159,-0.31297994,-1.181551576,-1.227788169,-0.238359407,-0.00247928,1.62399617,1.299407788,0.05087774,1.175164973,0.486666307,1.124153657,1.552772373,-0.923247608,-0.188798607,1.110496538,0.439780514,1.529189768,1.62991776,1.552772373,-0.923247608,-0.188798607,1.110496538,0.439780514,1.529189768,1.62991776
-1.150559845,0.769033503,-0.71062202,0.116820247,0.784860499,0.564652418,0.400144411,-0.515018769,-0.599142981,0.110522546,0.234967581,-0.230085889,0.452390133,-0.662063548,-0.703773751,-0.665385306,-0.665352252,-0.18943072,-0.311321972,0.576027283,0.429130848,0.24782451,0.442877765,-0.263970494,0.484917449,-0.230951709,0.187066437,-0.127112653,-0.249660243,-0.142726444,-0.046677207,0.225977526,0.257644633,0.208337034,0.097471206,-0.132570359,0.374811383,-1.309374727,-1.497710362,-1.144145938,-1.115712838,-0.421338967,1.056481876,-0.069513858,0,0,-0.572522997,0.375313961,-0.052147026,-1.201586285,-0.448169962,-1.970537284,-1.163728839,-0.844950581,0.107111016,-0.265052838,-0.411663299,-0.20614754,-0.083650114,-0.129990021,-0.36022905,-0.319988266,-0.116918964,0.31971183,0.276483496,-0.171497444,0.419168772,-0.479689901,-0.702885569,-0.564017493,-0.624008085,-0.328084268,1.33882483,0.805098387,-1.206271849,0.907738705,-1.043328077,-0.548133962,0.108337346,-1.531188976,-0.818767038,1.062960397,1.593244951,-0.592043086,0.830221343,-1.473298464,-0.527158447,1.568622338,-0.471171155,-0.391796722,1.188858767,-0.488785674,-0.374623734,-1.295340158,-0.898675966,0.978691525,-1.621436264,1.62991545,0.525725238,0.427982229,-1.481548663,-0.274230042,0.757713141,-0.974235602,-0.410751754,-1.004289838,0.52566953,1.379678058,-1.299373581,1.216086839,0.983859824,-1.120983074,1.026420353,0.107386177,-1.284442024,-0.784696817,0.599366199,-0.154732416,-0.40641039,-0.812394041,-0.547295339,-0.786979018,0.879168326,0.599366199,-0.154732416,-0.40641039,-0.812394041,-0.547295339,-0.786979018,0.879168326
0.04181161,-0.533683836,-0.17989204,0.116820247,0.784860499,0.073510987,0.136907365,-0.309149684,0.267827321,-0.554849914,-0.497688844,-0.403605354,0.473739751,-0.437471379,-0.399946637,-0.316869553,-0.335729846,-0.429184277,-0.238777167,-0.564702683,0.504677667,0.481031848,0.286761049,-0.311815755,0.497354005,0.004854744,-0.611889243,-0.400834495,-0.226741748,-0.11827596,0.270535872,0.102625872,0.17129632,0.210756962,0.099272628,-0.15228395,0.5408219,-0.671403066,-0.751851401,-0.434417882,-0.46032372,-0.273844411,-0.046930902,0.0242338,0,0,1.772438196,0.375313961,0.05300139,0.719670385,-0.109022239,0.637452208,0.309297733,1.127629861,0.145982708,-0.301473944,-0.073768377,-0.151448742,-0.33778068,-0.174600696,-0.017436062,-0.342275299,0.708120817,-0.223636292,-0.255587636,-0.497154109,0.136709495,-0.034473254,-0.687936597,-0.474032373,-0.670028862,0.577561424,-1.343372468,-0.858289765,1.351166661,0.750607695,0.258593127,0.261114177,-0.944797861,0.434869047,-1.146623541,-0.027258786,-1.314256956,-0.053452736,0.451694271,1.026978253,-1.293592116,-1.490481887,0.367824218,-0.366119265,0.052375228,0.921614474,0.733707102,1.556739914,-0.709351382,1.523289783,1.662019388,-0.640576547,0.90251592,0.870365543,1.006023543,1.680755522,-0.949964392,-0.50850283,-0.287933487,0.442681839,-0.87211775,1.319039309,0.29214768,-0.00247928,0.994232232,-0.138605995,-0.508433359,-0.469214373,-1.167569611,1.181052697,0.809676385,-1.307505205,-1.389018405,0.19438497,-0.057596515,1.529189768,-0.329355153,0.809676385,-1.307505205,-1.389018405,0.19438497,-0.057596515,1.529189768,-0.329355153
0.343414113,1.014088591,-0.71062202,0.116820247,0.053115625,0.667392379,0.641445037,1.903246794,0.683357466,0.313922751,0.41825223,-0.182665396,0.479670201,0.28526237,0.104536728,0.319115377,0.351423076,0.396113432,-0.195250283,-0.141127618,0.796975395,0.897194418,0.621033278,-0.298079067,0.437934903,0.146974195,0.877073615,0.644209743,0.581163975,-0.018036104,0.219283104,0.104097519,0.157967721,0.21157892,0.10290783,-0.038729821,0.574024003,1.107827645,0.714535461,0.857434273,0.924630338,0.109917922,1.084836754,-0.178630883,0,0,-0.572522997,0.123300328,-0.277946509,-0.493578334,-0.36357889,0.151515543,-0.178972256,-0.541530481,0.13515768,-0.047095062,1.036286622,0.054288638,-0.045385826,-0.165592142,-0.703022038,2.316629193,0.556313498,0.171334841,0.066925442,-0.272899752,0.679900413,0.377501478,0.986348295,1.135088995,1.037137792,0.064198435,0.444759064,0.237741188,0.946027887,1.093956232,-0.436877279,-1.004967589,0.968039556,-1.194509504,-0.609950307,-0.677389492,-0.767734041,-0.871566872,-0.509217504,-0.85480896,1.684550143,0.70028304,-0.742464885,1.213044342,-1.384311511,-0.253718982,1.384477363,-0.500734761,-0.520026798,1.502343696,1.571999536,-0.183454516,-1.514141555,1.523407578,-0.530365568,-1.038288957,-0.911153539,-0.381484801,0.889534071,0.105216889,-1.170881444,-0.613820831,-1.299373581,1.216086839,-1.640350512,-1.111803989,-1.431947033,0.449075392,0.761205501,0.56672126,-0.536308802,-0.378882681,-0.486047723,-1.564874299,1.039533603,1.143161637,-1.556189594,-0.536308802,-0.378882681,-0.486047723,-1.564874299,1.039533603,1.143161637,-1.556189594
-0.228090929,-0.519906965,-0.71062202,0.116820247,0.638511524,0.163160077,-1.727688378,2.074652253,0.488417398,0.615161029,-0.321877821,-0.310272532,-1.520077374,-0.976832405,-0.855096154,-1.041681586,-1.031249036,-0.949194529,-0.889007714,-0.656276543,-1.055820562,-0.719442211,-0.873678858,-0.326494144,-1.491113142,-0.45178616,-1.192947919,-0.629282162,-0.62764265,-0.210272613,0.140326136,0.059022557,0.170446773,0.216089022,0.115851331,0.30685535,-1.526009029,-1.494840103,-1.169813875,-1.635439555,-2.018270023,-0.593281252,0.444243762,-0.260156873,0,0,-0.572522997,0.375313961,-2.778591529,0.376236246,-0.215706773,0.531602075,0.172536799,-0.154105029,-2.313266877,-0.872919367,0.203017889,-0.879014674,-1.140978536,-0.518804019,-1.731401002,2.373061854,0.996884741,0.395402115,-0.273140625,-0.201459079,-1.601501445,-0.611512159,-1.031762959,-1.088907729,-0.533484849,-0.366681772,0.444759064,0.521419788,0.730797914,1.580970066,-0.835516546,0.731000194,-0.149573317,0.781797407,0.607004952,0.712890017,-0.920760458,1.189537118,-0.989629987,0.421648101,1.158995626,-0.997852492,0.833865338,-1.35470136,1.274631109,0.921614474,-1.05799781,0.178727907,-0.659529123,1.60707413,1.103359316,-0.344422786,1.214342691,0.322652869,-1.724263582,1.216104175,1.546867152,1.566124971,-1.561779718,-1.238801521,-0.818767091,0.41703791,-0.061523711,1.216086839,-1.371348324,1.585680038,-0.534447828,-1.302081834,1.461231995,-1.167193483,1.678958484,0.421653978,1.086167818,1.248463258,-1.253690159,-1.55903528,0.165040815,1.678958484,0.421653978,1.086167818,1.248463258,-1.253690159,-1.55903528,0.165040815
-1.238414027,-0.535447247,-0.71062202,1.146593492,0.784860499,1.890804411,0.071098103,1.436525981,-0.33751289,0.779940942,0.795067628,-0.294305362,0.466623212,-0.668933812,-0.719277673,-0.677624561,-0.683437833,-0.223127216,-0.572101458,-0.0064253,0.115360677,-0.032517484,-0.239258149,-0.300972045,0.491826647,-0.214391664,-0.055041345,0.070183059,-0.046618505,-0.095555183,0.140326136,0.240966006,0.262408746,0.216333308,0.0982883,-0.12220595,0.412163749,-1.383806951,-1.524448702,-1.295284917,-1.033916212,-0.585651306,1.087109276,-0.270251632,0,0,-0.572522997,0.375313961,-0.001594903,-0.051369374,-0.140761227,0.328108244,0.054501108,-0.293102907,0.124824698,-0.128979045,-0.041219229,-0.171481655,0.070709542,-0.095403768,-1.045815026,2.1849583,1.125590947,1.586773219,0.320150406,-0.329317914,0.136709495,-0.58430586,-0.996882023,-1.033373268,-0.787934199,-0.333003197,-0.449306702,-0.033042929,0.40162266,-0.269229767,-1.326234984,0.848471698,-0.493454201,1.608126379,-0.484584941,1.012950343,0.369033622,1.209683099,-1.237696907,-1.183792739,0.326867642,-0.136916836,-1.024978628,0.62246283,-1.084108312,0.686547783,-1.424597685,-0.509971392,-0.888711514,1.418559349,1.385174055,0.240590117,0.72061697,0.217323508,0.445961007,0.621531704,-1.221640363,-1.228271659,0.13147368,0.284607672,0.813763092,-0.09839146,0.999490463,1.216086839,1.123997951,0.38727781,-0.066187374,-0.341080918,-1.371021477,-0.25116071,-0.087647073,1.158147704,-0.850181485,-0.07057594,-0.684649887,1.143161637,-1.592811518,-0.087647073,1.158147704,-0.850181485,-0.07057594,-0.684649887,1.143161637,-1.592811518
